Date,SKU,Product_Category,Previous_Sales,Promotions,Price,Day_of_Week,Region,Lead_Time,Weather,Demand_Level
1/1/2023,SKU-464,Electronics,142,No,286.92,Tuesday,East,1,Rainy,Low
1/2/2023,SKU-104,Electronics,36,Yes,133.47,Monday,East,9,Sunny,Medium
1/3/2023,SKU-218,Food,151,Yes,221.31,Thursday,North,9,Sunny,Medium
1/4/2023,SKU-388,Electronics,114,Yes,298.81,Wednesday,North,7,Cloudy,Medium
1/5/2023,SKU-473,Electronics,66,No,41.18,Saturday,South,7,Cloudy,High
1/6/2023,SKU-164,Electronics,105,Yes,313.06,Wednesday,North,3,Sunny,High
1/7/2023,SKU-245,Clothing,85,No,490.68,Thursday,South,2,Cloudy,Medium
1/8/2023,SKU-323,Furniture,2,Yes,99.1,Thursday,West,7,Rainy,Low
1/9/2023,SKU-338,Food,193,No,397.33,Thursday,North,9,Sunny,Low
1/10/2023,SKU-276,Food,75,No,454.41,Sunday,East,1,Sunny,High
1/11/2023,SKU-366,Clothing,67,Yes,472.13,Tuesday,North,4,Rainy,Medium
1/12/2023,SKU-440,Furniture,180,No,480.27,Friday,South,6,Rainy,Low
1/13/2023,SKU-381,Food,190,No,263.12,Wednesday,North,7,Rainy,Medium
1/14/2023,SKU-162,Electronics,151,Yes,488.77,Sunday,West,7,Cloudy,Low
1/15/2023,SKU-316,Food,154,No,379.87,Friday,East,2,Sunny,High
1/16/2023,SKU-441,Electronics,196,Yes,85.03,Friday,South,4,Cloudy,Medium
1/17/2023,SKU-414,Clothing,55,Yes,241.07,Saturday,East,5,Rainy,Medium
1/18/2023,SKU-382,Electronics,6,Yes,360.57,Thursday,East,1,Cloudy,Low
1/19/2023,SKU-276,Food,163,Yes,127.43,Tuesday,South,1,Rainy,Low
1/20/2023,SKU-197,Food,150,No,322.1,Saturday,East,3,Cloudy,Low
1/21/2023,SKU-204,Food,171,No,334.97,Monday,East,3,Cloudy,Medium
1/22/2023,SKU-198,Clothing,143,No,85.54,Sunday,North,8,Rainy,High
1/23/2023,SKU-484,Clothing,86,Yes,284.72,Sunday,East,9,Cloudy,High
1/24/2023,SKU-410,Furniture,60,No,386.96,Tuesday,East,1,Sunny,Low
1/25/2023,SKU-105,Food,101,No,251.95,Friday,East,2,Cloudy,High
1/26/2023,SKU-296,Electronics,12,Yes,10.99,Sunday,East,2,Cloudy,Low
1/27/2023,SKU-450,Clothing,49,Yes,9.47,Tuesday,South,4,Sunny,High
1/28/2023,SKU-232,Food,42,No,181.73,Sunday,West,2,Rainy,Medium
1/29/2023,SKU-457,Food,166,Yes,463.47,Sunday,North,7,Sunny,Low
1/30/2023,SKU-358,Clothing,82,Yes,118.2,Thursday,East,9,Cloudy,High
1/31/2023,SKU-122,Furniture,173,Yes,319.01,Monday,East,7,Rainy,Medium
2/1/2023,SKU-152,Clothing,35,Yes,114.93,Thursday,South,6,Cloudy,High
2/2/2023,SKU-264,Clothing,158,No,164.23,Monday,West,1,Cloudy,Medium
2/3/2023,SKU-301,Electronics,158,Yes,424.78,Sunday,East,9,Sunny,Medium
2/4/2023,SKU-182,Electronics,134,Yes,365.79,Saturday,South,5,Sunny,High
2/5/2023,SKU-244,Furniture,67,Yes,52.22,Friday,North,5,Rainy,High
2/6/2023,SKU-184,Food,80,Yes,217.21,Sunday,North,6,Rainy,Medium
2/7/2023,SKU-177,Clothing,7,Yes,19.44,Monday,East,9,Rainy,Medium
2/8/2023,SKU-465,Furniture,180,Yes,243.04,Monday,East,8,Cloudy,Medium
2/9/2023,SKU-100,Electronics,14,Yes,332.9,Monday,West,8,Sunny,Low
2/10/2023,SKU-150,Clothing,73,Yes,63.66,Sunday,West,8,Sunny,Medium
2/11/2023,SKU-272,Food,143,No,148,Tuesday,East,1,Sunny,Low
2/12/2023,SKU-304,Electronics,149,Yes,201.93,Saturday,South,1,Rainy,Medium
2/13/2023,SKU-359,Electronics,163,No,460.17,Tuesday,West,8,Sunny,Low
2/14/2023,SKU-468,Electronics,66,Yes,496.66,Friday,East,5,Sunny,Medium
2/15/2023,SKU-387,Furniture,91,Yes,27.23,Sunday,West,9,Sunny,Medium
2/16/2023,SKU-133,Food,130,Yes,381.7,Monday,East,2,Rainy,Medium
2/17/2023,SKU-447,Clothing,163,Yes,189,Saturday,North,9,Sunny,High
2/18/2023,SKU-194,Furniture,20,No,199.27,Saturday,East,8,Rainy,High
2/19/2023,SKU-171,Furniture,10,Yes,378.36,Wednesday,North,9,Sunny,Medium
2/20/2023,SKU-138,Furniture,25,Yes,459.62,Friday,West,4,Sunny,Low
2/21/2023,SKU-253,Electronics,194,No,475.71,Saturday,East,1,Sunny,Low
2/22/2023,SKU-349,Food,25,No,290.68,Sunday,West,1,Rainy,Medium
2/23/2023,SKU-261,Furniture,54,Yes,181.77,Monday,North,5,Rainy,High
2/24/2023,SKU-217,Clothing,33,No,394.84,Monday,East,2,Sunny,Low
2/25/2023,SKU-358,Food,164,No,129.25,Saturday,West,8,Cloudy,High
2/26/2023,SKU-478,Clothing,95,No,284.22,Tuesday,North,5,Rainy,Low
2/27/2023,SKU-405,Food,14,Yes,182.5,Friday,West,5,Rainy,Medium
2/28/2023,SKU-367,Clothing,65,Yes,330.03,Monday,South,2,Sunny,High
3/1/2023,SKU-153,Electronics,110,Yes,124,Saturday,North,7,Cloudy,Low
3/2/2023,SKU-335,Furniture,80,No,99.84,Monday,North,8,Sunny,Medium
3/3/2023,SKU-488,Clothing,54,Yes,459.53,Saturday,North,1,Rainy,Medium
3/4/2023,SKU-321,Food,125,No,55.39,Friday,East,2,Rainy,Medium
3/5/2023,SKU-350,Furniture,180,Yes,255.45,Saturday,East,4,Sunny,High
3/6/2023,SKU-412,Furniture,131,Yes,114.32,Wednesday,East,5,Sunny,High
3/7/2023,SKU-211,Food,169,No,24.27,Saturday,South,2,Cloudy,Medium
3/8/2023,SKU-354,Clothing,134,Yes,22.83,Saturday,South,1,Cloudy,High
3/9/2023,SKU-402,Electronics,25,No,91.73,Sunday,North,9,Rainy,Low
3/10/2023,SKU-306,Electronics,141,No,434.05,Friday,South,1,Cloudy,Medium
3/11/2023,SKU-328,Clothing,117,Yes,144.83,Sunday,West,4,Cloudy,Medium
3/12/2023,SKU-440,Furniture,136,No,475.48,Saturday,North,2,Rainy,High
3/13/2023,SKU-497,Furniture,149,Yes,292.9,Friday,North,4,Rainy,Medium
3/14/2023,SKU-165,Furniture,196,Yes,221.12,Wednesday,West,8,Rainy,Low
3/15/2023,SKU-174,Furniture,25,No,292.14,Friday,North,8,Rainy,High
3/16/2023,SKU-202,Clothing,79,Yes,260.77,Monday,South,9,Sunny,High
3/17/2023,SKU-291,Furniture,68,No,380.59,Sunday,East,5,Rainy,Medium
3/18/2023,SKU-351,Food,173,Yes,144.84,Friday,West,7,Rainy,Medium
3/19/2023,SKU-325,Furniture,188,Yes,179.76,Wednesday,South,3,Rainy,Medium
3/20/2023,SKU-393,Electronics,12,Yes,447.58,Thursday,West,4,Cloudy,High
3/21/2023,SKU-405,Furniture,32,Yes,473.5,Saturday,West,9,Rainy,Medium
3/22/2023,SKU-197,Clothing,128,Yes,446.82,Friday,North,1,Sunny,Low
3/23/2023,SKU-437,Electronics,96,No,212.63,Saturday,North,2,Sunny,Medium
3/24/2023,SKU-385,Clothing,92,No,391.28,Tuesday,South,5,Rainy,Medium
3/25/2023,SKU-434,Clothing,141,No,240.79,Monday,West,3,Sunny,High
3/26/2023,SKU-446,Electronics,31,No,251.28,Sunday,North,2,Cloudy,Medium
3/27/2023,SKU-407,Clothing,78,No,106.32,Monday,North,1,Rainy,High
3/28/2023,SKU-348,Clothing,20,No,297.61,Tuesday,West,3,Sunny,Medium
3/29/2023,SKU-265,Furniture,146,Yes,97.14,Tuesday,South,1,Sunny,Low
3/30/2023,SKU-434,Food,60,Yes,169.12,Sunday,South,1,Rainy,Low
3/31/2023,SKU-129,Clothing,191,No,428.24,Friday,West,1,Sunny,High
4/1/2023,SKU-346,Clothing,134,No,107.5,Tuesday,South,8,Rainy,High
4/2/2023,SKU-205,Clothing,160,Yes,40.22,Thursday,North,3,Sunny,Medium
4/3/2023,SKU-150,Furniture,93,Yes,39.16,Saturday,West,1,Cloudy,Medium
4/4/2023,SKU-180,Food,43,Yes,470.69,Saturday,North,7,Sunny,Low
4/5/2023,SKU-232,Electronics,130,No,255.93,Wednesday,East,3,Sunny,Medium
4/6/2023,SKU-384,Furniture,60,No,207.66,Tuesday,East,8,Rainy,Low
4/7/2023,SKU-487,Furniture,151,No,406.38,Tuesday,South,4,Sunny,High
4/8/2023,SKU-237,Food,31,Yes,418.73,Thursday,East,4,Rainy,Medium
4/9/2023,SKU-283,Food,5,Yes,169.43,Monday,North,5,Cloudy,High
4/10/2023,SKU-429,Furniture,162,No,348.34,Monday,East,6,Rainy,Medium
4/11/2023,SKU-372,Electronics,10,No,386.71,Saturday,North,7,Rainy,Low
4/12/2023,SKU-439,Furniture,89,Yes,329.05,Saturday,South,4,Sunny,High
4/13/2023,SKU-168,Food,130,Yes,80.04,Friday,South,8,Cloudy,High
4/14/2023,SKU-133,Electronics,126,Yes,438.56,Sunday,North,6,Rainy,Medium
4/15/2023,SKU-361,Food,11,Yes,271.85,Thursday,East,1,Sunny,High
4/16/2023,SKU-152,Electronics,178,No,144.82,Sunday,South,1,Sunny,Low
4/17/2023,SKU-304,Clothing,159,Yes,215.49,Sunday,West,9,Rainy,High
4/18/2023,SKU-225,Food,56,Yes,23.6,Wednesday,South,6,Sunny,High
4/19/2023,SKU-334,Food,83,Yes,68.29,Sunday,East,8,Rainy,Medium
4/20/2023,SKU-142,Furniture,137,No,383.95,Wednesday,West,7,Rainy,High
4/21/2023,SKU-339,Food,99,No,5.01,Sunday,East,6,Rainy,Medium
4/22/2023,SKU-470,Food,149,Yes,211.2,Thursday,North,4,Cloudy,Medium
4/23/2023,SKU-210,Clothing,73,Yes,263.64,Wednesday,West,7,Rainy,High
4/24/2023,SKU-348,Food,156,Yes,32.04,Monday,East,9,Sunny,Low
4/25/2023,SKU-250,Clothing,190,No,486.67,Wednesday,West,7,Cloudy,Medium
4/26/2023,SKU-282,Clothing,115,No,116.93,Wednesday,East,1,Sunny,High
4/27/2023,SKU-435,Clothing,7,No,155.58,Thursday,West,9,Cloudy,Medium
4/28/2023,SKU-194,Clothing,80,Yes,155.45,Thursday,East,4,Cloudy,Low
4/29/2023,SKU-473,Electronics,144,No,119.06,Wednesday,North,3,Cloudy,Low
4/30/2023,SKU-499,Furniture,97,Yes,5.73,Tuesday,West,4,Cloudy,Medium
5/1/2023,SKU-107,Electronics,4,Yes,366.03,Thursday,West,4,Sunny,Low
5/2/2023,SKU-487,Food,4,Yes,483.59,Friday,West,2,Rainy,High
5/3/2023,SKU-459,Electronics,103,No,116.03,Friday,West,1,Sunny,High
5/4/2023,SKU-487,Electronics,40,Yes,333.21,Monday,North,1,Rainy,Medium
5/5/2023,SKU-283,Food,17,No,372.24,Sunday,West,8,Sunny,Low
5/6/2023,SKU-380,Food,101,No,424.97,Wednesday,South,2,Cloudy,High
5/7/2023,SKU-294,Food,103,Yes,214.2,Tuesday,North,5,Cloudy,High
5/8/2023,SKU-451,Electronics,124,Yes,154.95,Monday,South,4,Rainy,High
5/9/2023,SKU-294,Electronics,52,No,166.02,Wednesday,West,8,Rainy,Medium
5/10/2023,SKU-254,Food,52,Yes,357.75,Thursday,East,2,Sunny,Medium
5/11/2023,SKU-192,Furniture,164,No,409.31,Friday,South,9,Rainy,High
5/12/2023,SKU-259,Furniture,124,Yes,94.9,Saturday,West,7,Sunny,High
5/13/2023,SKU-160,Clothing,166,No,188.62,Tuesday,South,7,Rainy,Low
5/14/2023,SKU-221,Food,178,No,451.46,Saturday,West,1,Rainy,Low
5/15/2023,SKU-150,Clothing,63,No,404.31,Friday,West,2,Rainy,Low
5/16/2023,SKU-376,Furniture,116,No,492.5,Sunday,West,4,Cloudy,Medium
5/17/2023,SKU-104,Clothing,191,Yes,378.35,Sunday,East,4,Cloudy,High
5/18/2023,SKU-191,Food,62,Yes,199.63,Saturday,South,3,Sunny,Medium
5/19/2023,SKU-269,Food,7,No,297.37,Thursday,North,7,Rainy,High
5/20/2023,SKU-416,Food,155,No,332.2,Wednesday,North,8,Sunny,Low
5/21/2023,SKU-121,Electronics,92,Yes,43.84,Thursday,North,2,Rainy,Low
5/22/2023,SKU-425,Clothing,14,Yes,274.53,Saturday,North,4,Cloudy,Low
5/23/2023,SKU-100,Furniture,199,Yes,356.11,Thursday,West,3,Cloudy,Low
5/24/2023,SKU-232,Furniture,86,Yes,87.82,Friday,South,2,Rainy,High
5/25/2023,SKU-332,Furniture,133,Yes,391.41,Tuesday,South,6,Rainy,Low
5/26/2023,SKU-111,Electronics,183,Yes,293.97,Thursday,East,4,Cloudy,High
5/27/2023,SKU-445,Electronics,130,No,476.35,Friday,South,6,Cloudy,High
5/28/2023,SKU-145,Food,62,Yes,26,Tuesday,South,2,Sunny,Medium
5/29/2023,SKU-133,Furniture,149,Yes,136.34,Sunday,South,4,Cloudy,Low
5/30/2023,SKU-177,Electronics,79,No,302.77,Wednesday,East,6,Rainy,Low
5/31/2023,SKU-317,Food,149,Yes,151.8,Saturday,North,5,Sunny,Medium
6/1/2023,SKU-400,Furniture,138,Yes,358.64,Sunday,South,3,Rainy,High
6/2/2023,SKU-172,Clothing,58,Yes,380.71,Wednesday,East,8,Sunny,Low
6/3/2023,SKU-381,Food,120,Yes,55.75,Sunday,East,7,Rainy,High
6/4/2023,SKU-348,Electronics,167,Yes,259.36,Monday,West,3,Cloudy,Medium
6/5/2023,SKU-146,Electronics,133,No,256.9,Sunday,East,6,Rainy,High
6/6/2023,SKU-220,Food,65,Yes,187.79,Friday,North,4,Sunny,Low
6/7/2023,SKU-313,Food,13,No,466.8,Tuesday,South,5,Rainy,High
6/8/2023,SKU-338,Electronics,181,No,414.62,Sunday,East,5,Sunny,High
6/9/2023,SKU-155,Clothing,82,Yes,350.12,Thursday,North,7,Rainy,Low
6/10/2023,SKU-449,Furniture,173,No,358.59,Wednesday,East,5,Cloudy,Low
6/11/2023,SKU-206,Clothing,160,Yes,233.55,Sunday,East,3,Cloudy,High
6/12/2023,SKU-418,Food,164,No,460.89,Tuesday,East,5,Rainy,High
6/13/2023,SKU-147,Clothing,188,No,348.82,Friday,East,7,Rainy,Medium
6/14/2023,SKU-160,Electronics,139,Yes,365.85,Monday,East,5,Rainy,Low
6/15/2023,SKU-436,Food,191,Yes,431.54,Wednesday,North,5,Sunny,High
6/16/2023,SKU-125,Furniture,149,Yes,140.67,Saturday,South,9,Rainy,Low
6/17/2023,SKU-391,Electronics,52,Yes,404.5,Tuesday,South,3,Rainy,Medium
6/18/2023,SKU-356,Electronics,183,Yes,101.64,Saturday,South,6,Sunny,High
6/19/2023,SKU-107,Furniture,117,No,175.94,Tuesday,South,1,Cloudy,High
6/20/2023,SKU-212,Furniture,26,No,171.13,Tuesday,North,5,Rainy,High
6/21/2023,SKU-454,Clothing,196,No,489.37,Friday,West,8,Rainy,Low
6/22/2023,SKU-352,Food,34,No,428.99,Friday,West,5,Cloudy,Medium
6/23/2023,SKU-279,Furniture,52,No,352.08,Friday,North,9,Cloudy,Low
6/24/2023,SKU-306,Furniture,112,No,364.89,Sunday,North,6,Sunny,High
6/25/2023,SKU-402,Food,82,No,283.23,Thursday,East,8,Rainy,Medium
6/26/2023,SKU-226,Furniture,180,Yes,473.81,Tuesday,East,8,Rainy,High
6/27/2023,SKU-155,Furniture,157,Yes,250.65,Wednesday,East,3,Sunny,High
6/28/2023,SKU-313,Clothing,166,No,193.36,Saturday,South,7,Cloudy,Low
6/29/2023,SKU-113,Electronics,42,No,85.7,Friday,East,7,Sunny,High
6/30/2023,SKU-127,Electronics,21,Yes,394.17,Sunday,West,6,Cloudy,Medium
7/1/2023,SKU-177,Electronics,42,Yes,368.55,Friday,South,7,Sunny,High
7/2/2023,SKU-315,Electronics,141,Yes,195.26,Saturday,East,2,Cloudy,High
7/3/2023,SKU-485,Furniture,113,Yes,17.47,Saturday,South,9,Sunny,Low
7/4/2023,SKU-464,Food,105,No,420.3,Tuesday,West,1,Cloudy,Medium
7/5/2023,SKU-253,Food,192,Yes,10.65,Friday,East,1,Cloudy,Low
7/6/2023,SKU-113,Clothing,17,No,353.33,Saturday,West,3,Cloudy,High
7/7/2023,SKU-286,Clothing,120,No,485.28,Thursday,West,3,Cloudy,Low
7/8/2023,SKU-411,Furniture,137,No,221.64,Thursday,West,1,Cloudy,Low
7/9/2023,SKU-470,Food,169,Yes,121.31,Friday,East,7,Rainy,Low
7/10/2023,SKU-106,Food,129,Yes,353.91,Sunday,North,4,Cloudy,Low
7/11/2023,SKU-102,Electronics,130,No,409.48,Saturday,East,2,Rainy,High
7/12/2023,SKU-210,Furniture,60,No,275.48,Tuesday,West,5,Cloudy,High
7/13/2023,SKU-337,Furniture,48,No,483.68,Tuesday,East,6,Rainy,Medium
7/14/2023,SKU-462,Electronics,29,Yes,30.58,Sunday,West,9,Rainy,Low
7/15/2023,SKU-338,Furniture,97,No,254.87,Tuesday,North,4,Sunny,Low
7/16/2023,SKU-373,Furniture,10,Yes,360.63,Monday,South,2,Cloudy,Medium
7/17/2023,SKU-393,Clothing,58,No,432.01,Friday,North,5,Sunny,Low
7/18/2023,SKU-326,Food,188,No,93.73,Tuesday,North,3,Sunny,Medium
7/19/2023,SKU-470,Furniture,21,No,401,Thursday,South,2,Cloudy,High
7/20/2023,SKU-114,Clothing,28,Yes,278.59,Saturday,East,1,Sunny,Medium
7/21/2023,SKU-291,Food,34,Yes,201.29,Wednesday,South,2,Cloudy,Low
7/22/2023,SKU-218,Electronics,8,No,70.2,Sunday,East,6,Sunny,Medium
7/23/2023,SKU-127,Clothing,187,Yes,433.32,Wednesday,East,8,Cloudy,High
7/24/2023,SKU-301,Clothing,177,No,82.85,Tuesday,West,3,Cloudy,Low
7/25/2023,SKU-138,Food,79,Yes,158.34,Wednesday,West,9,Cloudy,High
7/26/2023,SKU-372,Electronics,145,Yes,148.57,Wednesday,South,9,Rainy,High
7/27/2023,SKU-330,Clothing,188,Yes,436.35,Monday,North,2,Sunny,Medium
7/28/2023,SKU-185,Furniture,87,No,337.99,Thursday,South,8,Rainy,High
7/29/2023,SKU-225,Furniture,88,Yes,399.36,Sunday,East,5,Sunny,Low
7/30/2023,SKU-399,Furniture,173,Yes,128.98,Thursday,West,4,Sunny,High
7/31/2023,SKU-124,Electronics,69,No,314.31,Monday,South,5,Sunny,High
8/1/2023,SKU-244,Clothing,160,No,288.01,Monday,South,4,Rainy,Medium
8/2/2023,SKU-112,Furniture,172,No,417.25,Wednesday,West,8,Sunny,High
8/3/2023,SKU-311,Electronics,193,No,453.51,Friday,West,4,Rainy,Medium
8/4/2023,SKU-124,Furniture,87,Yes,11.02,Saturday,West,6,Cloudy,Medium
8/5/2023,SKU-167,Food,101,Yes,338.64,Saturday,East,2,Sunny,Low
8/6/2023,SKU-493,Clothing,8,Yes,30.66,Wednesday,West,5,Sunny,Low
8/7/2023,SKU-166,Clothing,77,Yes,276.69,Saturday,North,6,Cloudy,Low
8/8/2023,SKU-332,Electronics,87,Yes,147.38,Monday,South,5,Cloudy,Low
8/9/2023,SKU-208,Electronics,43,No,156.85,Thursday,West,2,Sunny,Medium
8/10/2023,SKU-245,Clothing,129,Yes,179.71,Saturday,West,7,Cloudy,High
8/11/2023,SKU-210,Furniture,109,Yes,312.54,Sunday,East,4,Rainy,Low
8/12/2023,SKU-327,Furniture,179,Yes,170.35,Wednesday,East,8,Rainy,Low
8/13/2023,SKU-210,Food,152,No,367.69,Friday,South,7,Sunny,Low
8/14/2023,SKU-133,Furniture,152,No,205.24,Wednesday,North,7,Rainy,High
8/15/2023,SKU-210,Electronics,17,Yes,38.83,Tuesday,South,9,Rainy,Low
8/16/2023,SKU-363,Electronics,133,No,392.96,Wednesday,West,1,Sunny,High
8/17/2023,SKU-468,Furniture,148,No,146.45,Monday,North,6,Cloudy,Medium
8/18/2023,SKU-335,Electronics,21,No,219.22,Thursday,North,6,Sunny,Medium
8/19/2023,SKU-182,Clothing,58,No,344.29,Thursday,North,6,Rainy,Medium
8/20/2023,SKU-141,Clothing,159,No,169.57,Sunday,North,6,Sunny,High
8/21/2023,SKU-200,Furniture,110,No,33.01,Saturday,South,7,Sunny,Low
8/22/2023,SKU-105,Clothing,139,No,190.09,Monday,East,6,Rainy,Low
8/23/2023,SKU-279,Clothing,180,Yes,472.5,Tuesday,East,1,Rainy,Low
8/24/2023,SKU-381,Food,143,Yes,322.66,Monday,West,3,Sunny,Low
8/25/2023,SKU-419,Food,135,No,337.38,Wednesday,East,2,Rainy,Low
8/26/2023,SKU-325,Clothing,28,Yes,317.98,Monday,East,6,Rainy,High
8/27/2023,SKU-414,Furniture,51,Yes,103.5,Monday,East,8,Rainy,Medium
8/28/2023,SKU-464,Food,186,No,212.08,Sunday,East,3,Rainy,Low
8/29/2023,SKU-328,Electronics,5,Yes,376.72,Tuesday,West,8,Rainy,Medium
8/30/2023,SKU-476,Electronics,5,No,55.18,Wednesday,South,8,Rainy,High
8/31/2023,SKU-388,Electronics,94,No,142.54,Friday,North,5,Cloudy,High
9/1/2023,SKU-249,Furniture,96,No,141.78,Sunday,East,8,Sunny,Low
9/2/2023,SKU-376,Clothing,8,Yes,218.85,Friday,South,6,Rainy,High
9/3/2023,SKU-297,Electronics,64,Yes,490.28,Sunday,East,5,Sunny,Medium
9/4/2023,SKU-169,Furniture,138,Yes,38.41,Thursday,East,9,Cloudy,Low
9/5/2023,SKU-211,Food,38,Yes,261.76,Sunday,North,7,Rainy,Low
9/6/2023,SKU-103,Clothing,111,No,93.79,Saturday,North,8,Sunny,Medium
9/7/2023,SKU-449,Food,112,No,485.48,Monday,North,1,Rainy,Low
9/8/2023,SKU-430,Furniture,81,Yes,61.09,Thursday,East,2,Rainy,Low
9/9/2023,SKU-417,Electronics,136,No,204.78,Tuesday,East,8,Rainy,Medium
9/10/2023,SKU-449,Electronics,104,No,370.25,Friday,East,9,Rainy,Low
9/11/2023,SKU-194,Furniture,153,Yes,353.75,Sunday,North,4,Rainy,Low
9/12/2023,SKU-251,Electronics,73,No,214.25,Monday,West,9,Rainy,Medium
9/13/2023,SKU-410,Clothing,194,Yes,176.53,Tuesday,South,4,Rainy,High
9/14/2023,SKU-236,Furniture,178,No,201.82,Saturday,West,9,Cloudy,Medium
9/15/2023,SKU-346,Food,195,Yes,135.82,Tuesday,East,7,Cloudy,Low
9/16/2023,SKU-486,Furniture,49,No,106.64,Monday,East,2,Rainy,Medium
9/17/2023,SKU-342,Clothing,36,No,244.1,Saturday,West,9,Rainy,Low
9/18/2023,SKU-130,Clothing,126,Yes,137.92,Tuesday,East,4,Cloudy,Low
9/19/2023,SKU-139,Furniture,68,Yes,147.29,Saturday,South,8,Cloudy,Medium
9/20/2023,SKU-328,Furniture,78,Yes,330.09,Sunday,East,7,Cloudy,Low
9/21/2023,SKU-135,Electronics,105,Yes,484.43,Sunday,South,7,Rainy,High
9/22/2023,SKU-322,Clothing,169,No,303.8,Monday,West,8,Sunny,Low
9/23/2023,SKU-105,Furniture,122,No,43.1,Monday,West,1,Sunny,Medium
9/24/2023,SKU-421,Furniture,119,Yes,42.41,Saturday,East,5,Sunny,High
9/25/2023,SKU-319,Clothing,190,No,475.95,Wednesday,South,2,Sunny,High
9/26/2023,SKU-174,Furniture,114,Yes,152.16,Thursday,East,2,Rainy,Low
9/27/2023,SKU-103,Electronics,10,Yes,50.57,Tuesday,North,1,Sunny,Medium
9/28/2023,SKU-434,Clothing,149,No,301.53,Tuesday,North,5,Cloudy,Low
9/29/2023,SKU-233,Electronics,164,No,313.71,Wednesday,North,2,Cloudy,Low
9/30/2023,SKU-217,Electronics,140,Yes,326.01,Wednesday,North,4,Sunny,Medium
10/1/2023,SKU-468,Electronics,91,Yes,137.36,Wednesday,East,3,Cloudy,Medium
10/2/2023,SKU-193,Electronics,2,Yes,12.48,Friday,North,3,Rainy,Low
10/3/2023,SKU-161,Clothing,118,No,482.68,Friday,South,2,Sunny,High
10/4/2023,SKU-293,Electronics,13,No,129.19,Saturday,West,6,Sunny,Low
10/5/2023,SKU-434,Electronics,181,No,339.63,Friday,West,2,Rainy,High
10/6/2023,SKU-302,Furniture,160,No,354.78,Sunday,North,8,Cloudy,Low
10/7/2023,SKU-491,Clothing,95,Yes,306.95,Sunday,North,8,Rainy,Medium
10/8/2023,SKU-125,Clothing,144,Yes,159.89,Monday,North,5,Rainy,High
10/9/2023,SKU-272,Food,32,Yes,139.19,Saturday,East,7,Cloudy,Medium
10/10/2023,SKU-399,Clothing,32,Yes,300.85,Tuesday,West,4,Rainy,Medium
10/11/2023,SKU-232,Clothing,124,Yes,433.72,Thursday,North,1,Cloudy,Medium
10/12/2023,SKU-425,Food,11,Yes,473.63,Monday,South,2,Cloudy,Medium
10/13/2023,SKU-217,Clothing,10,No,57.42,Tuesday,North,4,Rainy,Medium
10/14/2023,SKU-423,Clothing,15,No,81.64,Tuesday,West,1,Cloudy,Low
10/15/2023,SKU-374,Clothing,17,Yes,472.64,Saturday,North,8,Rainy,High
10/16/2023,SKU-311,Clothing,168,Yes,369.58,Wednesday,West,9,Cloudy,Low
10/17/2023,SKU-324,Food,146,No,442.08,Wednesday,North,4,Sunny,Low
10/18/2023,SKU-119,Clothing,183,No,105.3,Monday,South,3,Cloudy,Low
10/19/2023,SKU-212,Clothing,153,No,295.86,Wednesday,North,2,Cloudy,Medium
10/20/2023,SKU-239,Food,59,No,352.06,Tuesday,South,5,Rainy,Low
10/21/2023,SKU-146,Furniture,78,Yes,341.66,Wednesday,South,3,Cloudy,High
10/22/2023,SKU-100,Electronics,124,Yes,207.04,Friday,North,7,Sunny,Low
10/23/2023,SKU-189,Furniture,114,Yes,12.62,Wednesday,South,6,Sunny,Medium
10/24/2023,SKU-241,Food,22,Yes,293.55,Tuesday,East,1,Cloudy,High
10/25/2023,SKU-419,Electronics,158,Yes,130.29,Saturday,North,8,Cloudy,High
10/26/2023,SKU-137,Food,172,No,227.88,Monday,North,2,Sunny,High
10/27/2023,SKU-392,Food,32,Yes,479,Thursday,South,5,Rainy,High
10/28/2023,SKU-481,Clothing,179,No,202.52,Wednesday,South,9,Sunny,Low
10/29/2023,SKU-238,Electronics,174,Yes,420.7,Sunday,North,8,Sunny,Medium
10/30/2023,SKU-455,Clothing,113,Yes,98.33,Sunday,East,2,Cloudy,High
10/31/2023,SKU-432,Electronics,120,Yes,337.87,Tuesday,South,9,Cloudy,High
11/1/2023,SKU-358,Food,149,Yes,488.62,Thursday,South,5,Sunny,Medium
11/2/2023,SKU-260,Food,122,Yes,55.44,Thursday,West,6,Rainy,Low
11/3/2023,SKU-489,Furniture,32,No,9.12,Friday,East,3,Sunny,High
11/4/2023,SKU-277,Electronics,119,No,219.62,Thursday,East,3,Sunny,Low
11/5/2023,SKU-109,Clothing,39,No,50.85,Sunday,North,8,Rainy,Low
11/6/2023,SKU-360,Furniture,12,Yes,375.45,Saturday,East,2,Sunny,Low
11/7/2023,SKU-237,Furniture,175,Yes,457.7,Tuesday,North,2,Sunny,Low
11/8/2023,SKU-271,Furniture,18,No,219.84,Tuesday,West,5,Cloudy,High
11/9/2023,SKU-485,Clothing,149,Yes,133.06,Wednesday,East,6,Rainy,High
11/10/2023,SKU-112,Furniture,141,Yes,220.03,Wednesday,South,2,Cloudy,Low
11/11/2023,SKU-267,Clothing,149,No,363.11,Wednesday,West,5,Cloudy,Low
11/12/2023,SKU-229,Furniture,126,Yes,9.48,Sunday,North,7,Rainy,Medium
11/13/2023,SKU-183,Clothing,136,No,296.78,Sunday,West,8,Rainy,Medium
11/14/2023,SKU-420,Food,46,Yes,308.58,Sunday,North,7,Sunny,Medium
11/15/2023,SKU-418,Food,104,No,320.66,Sunday,West,8,Cloudy,High
11/16/2023,SKU-200,Food,135,Yes,124.8,Sunday,North,9,Rainy,Medium
11/17/2023,SKU-428,Food,151,Yes,358.46,Sunday,East,5,Cloudy,High
11/18/2023,SKU-372,Food,86,No,50.24,Saturday,South,5,Cloudy,High
11/19/2023,SKU-364,Furniture,150,Yes,103.64,Sunday,North,4,Rainy,High
11/20/2023,SKU-498,Furniture,89,Yes,439.35,Thursday,West,9,Sunny,High
11/21/2023,SKU-137,Furniture,22,No,370.67,Thursday,North,5,Cloudy,Medium
11/22/2023,SKU-193,Clothing,92,Yes,11.8,Friday,North,2,Rainy,Low
11/23/2023,SKU-194,Clothing,29,No,127.95,Saturday,North,8,Sunny,Low
11/24/2023,SKU-404,Clothing,13,Yes,111.13,Wednesday,West,7,Cloudy,Low
11/25/2023,SKU-168,Clothing,2,Yes,139.05,Monday,South,8,Rainy,Medium
11/26/2023,SKU-417,Food,29,Yes,127.54,Sunday,East,3,Cloudy,Low
11/27/2023,SKU-335,Food,180,Yes,35.95,Friday,South,4,Rainy,Medium
11/28/2023,SKU-433,Food,27,No,232.18,Monday,North,5,Rainy,Medium
11/29/2023,SKU-472,Electronics,50,Yes,367.7,Thursday,West,6,Cloudy,Medium
11/30/2023,SKU-475,Furniture,95,No,305.33,Friday,South,1,Cloudy,Low
12/1/2023,SKU-236,Clothing,151,Yes,338.07,Friday,North,4,Rainy,Low
12/2/2023,SKU-175,Clothing,88,Yes,45.17,Tuesday,East,5,Sunny,Low
12/3/2023,SKU-134,Food,44,Yes,475.99,Thursday,East,7,Cloudy,High
12/4/2023,SKU-100,Clothing,22,Yes,420.05,Thursday,East,5,Rainy,Medium
12/5/2023,SKU-395,Clothing,171,No,403.52,Saturday,North,1,Rainy,High
12/6/2023,SKU-419,Furniture,165,No,412.38,Friday,West,7,Sunny,Medium
12/7/2023,SKU-159,Food,189,No,466.69,Sunday,South,8,Sunny,Low
12/8/2023,SKU-419,Furniture,97,No,274.41,Thursday,East,7,Sunny,Medium
12/9/2023,SKU-448,Electronics,184,Yes,104.14,Friday,North,4,Cloudy,Medium
12/10/2023,SKU-427,Electronics,3,No,310.31,Saturday,North,8,Rainy,High
12/11/2023,SKU-366,Electronics,191,No,372.73,Sunday,South,5,Rainy,Medium
12/12/2023,SKU-460,Food,118,Yes,370.27,Saturday,East,9,Rainy,Low
12/13/2023,SKU-328,Clothing,19,Yes,263.12,Tuesday,North,5,Sunny,Medium
12/14/2023,SKU-369,Food,23,Yes,38.89,Sunday,South,1,Rainy,Medium
12/15/2023,SKU-415,Food,157,Yes,188.7,Friday,West,9,Cloudy,Medium
12/16/2023,SKU-385,Clothing,30,No,460.78,Thursday,West,5,Sunny,High
12/17/2023,SKU-390,Furniture,39,No,294.3,Thursday,West,6,Sunny,Medium
12/18/2023,SKU-312,Electronics,108,Yes,271.47,Friday,East,4,Sunny,Medium
12/19/2023,SKU-264,Furniture,111,Yes,138.08,Friday,South,6,Sunny,High
12/20/2023,SKU-104,Electronics,25,Yes,187.38,Friday,South,8,Cloudy,High
12/21/2023,SKU-438,Food,128,No,448.2,Wednesday,North,3,Rainy,High
12/22/2023,SKU-478,Electronics,111,No,334.9,Sunday,North,5,Cloudy,High
12/23/2023,SKU-177,Food,136,Yes,394.76,Thursday,North,2,Rainy,Low
12/24/2023,SKU-161,Furniture,106,Yes,229.9,Sunday,South,2,Cloudy,Low
12/25/2023,SKU-231,Food,186,No,316.97,Saturday,North,7,Sunny,Medium
12/26/2023,SKU-188,Furniture,144,Yes,127.95,Thursday,South,6,Sunny,Low
12/27/2023,SKU-336,Clothing,72,Yes,354.2,Wednesday,South,4,Cloudy,Medium
12/28/2023,SKU-141,Clothing,129,No,216.66,Friday,West,5,Cloudy,Low
12/29/2023,SKU-188,Clothing,108,Yes,224.06,Tuesday,North,1,Rainy,High
12/30/2023,SKU-395,Food,5,No,326.41,Friday,West,7,Cloudy,High
12/31/2023,SKU-427,Clothing,3,Yes,468.46,Friday,East,8,Cloudy,Low
1/1/2024,SKU-394,Electronics,193,Yes,36.68,Wednesday,East,9,Rainy,Low
1/2/2024,SKU-203,Furniture,132,No,413.25,Sunday,East,8,Rainy,Medium
1/3/2024,SKU-113,Furniture,104,No,149.73,Thursday,South,5,Rainy,Medium
1/4/2024,SKU-387,Electronics,64,Yes,224.74,Friday,South,3,Cloudy,Medium
1/5/2024,SKU-278,Food,106,No,15.85,Thursday,South,9,Rainy,High
1/6/2024,SKU-224,Food,98,Yes,154.02,Monday,North,6,Sunny,High
1/7/2024,SKU-452,Furniture,10,Yes,253.8,Saturday,West,5,Sunny,High
1/8/2024,SKU-122,Clothing,149,No,32.81,Sunday,South,3,Sunny,High
1/9/2024,SKU-162,Food,128,Yes,248.09,Thursday,West,6,Cloudy,Medium
1/10/2024,SKU-242,Food,46,Yes,463.92,Tuesday,West,3,Sunny,High
1/11/2024,SKU-252,Electronics,155,No,57.17,Saturday,West,6,Cloudy,High
1/12/2024,SKU-244,Electronics,66,No,383.4,Tuesday,North,4,Cloudy,High
1/13/2024,SKU-324,Clothing,169,Yes,207.79,Friday,North,2,Sunny,High
1/14/2024,SKU-408,Food,112,No,329.31,Saturday,East,8,Rainy,Low
1/15/2024,SKU-203,Food,13,No,133.82,Thursday,East,4,Cloudy,Medium
1/16/2024,SKU-203,Electronics,137,No,83.95,Saturday,West,9,Sunny,Medium
1/17/2024,SKU-138,Food,164,No,84.43,Friday,East,7,Cloudy,High
1/18/2024,SKU-297,Furniture,86,Yes,39.89,Wednesday,West,2,Rainy,Low
1/19/2024,SKU-233,Electronics,90,Yes,96.9,Sunday,North,4,Rainy,Medium
1/20/2024,SKU-166,Clothing,58,Yes,333.79,Tuesday,North,5,Sunny,Medium
1/21/2024,SKU-490,Electronics,54,No,441.44,Friday,North,3,Cloudy,High
1/22/2024,SKU-278,Food,12,No,407.99,Wednesday,South,9,Cloudy,High
1/23/2024,SKU-141,Clothing,14,No,344.14,Saturday,West,5,Cloudy,Medium
1/24/2024,SKU-114,Electronics,121,No,59.66,Saturday,North,2,Cloudy,Medium
1/25/2024,SKU-210,Furniture,162,No,148.15,Friday,West,3,Sunny,Low
1/26/2024,SKU-256,Furniture,181,No,158.35,Thursday,East,9,Rainy,Medium
1/27/2024,SKU-388,Electronics,121,No,128.73,Saturday,East,7,Sunny,Medium
1/28/2024,SKU-330,Furniture,20,Yes,259.93,Thursday,North,2,Cloudy,High
1/29/2024,SKU-256,Furniture,75,Yes,270.1,Thursday,West,9,Cloudy,Medium
1/30/2024,SKU-137,Furniture,144,No,181.66,Sunday,North,4,Rainy,High
1/31/2024,SKU-196,Clothing,70,No,180.13,Thursday,East,9,Cloudy,Medium
2/1/2024,SKU-388,Furniture,56,No,415.14,Monday,North,2,Sunny,Medium
2/2/2024,SKU-353,Furniture,101,Yes,395.7,Sunday,West,4,Sunny,Medium
2/3/2024,SKU-295,Furniture,186,Yes,157.36,Wednesday,East,5,Rainy,Low
2/4/2024,SKU-185,Clothing,132,No,457.33,Wednesday,South,2,Sunny,High
2/5/2024,SKU-421,Electronics,111,No,476.64,Saturday,East,1,Sunny,Low
2/6/2024,SKU-109,Food,125,Yes,166.74,Saturday,South,7,Sunny,Medium
2/7/2024,SKU-104,Furniture,132,Yes,180.44,Thursday,North,1,Sunny,Low
2/8/2024,SKU-222,Electronics,20,Yes,255.29,Sunday,North,8,Cloudy,High
2/9/2024,SKU-429,Furniture,138,Yes,470.85,Sunday,West,3,Sunny,Medium
2/10/2024,SKU-452,Clothing,24,No,438.78,Monday,South,6,Rainy,Low
2/11/2024,SKU-217,Electronics,154,Yes,55.77,Thursday,North,7,Rainy,Low
2/12/2024,SKU-393,Clothing,37,Yes,199.4,Monday,South,1,Sunny,High
2/13/2024,SKU-496,Furniture,54,No,278.92,Thursday,North,6,Rainy,Low
2/14/2024,SKU-258,Furniture,103,Yes,254.05,Tuesday,East,7,Sunny,High
2/15/2024,SKU-402,Clothing,149,Yes,100.96,Tuesday,North,6,Rainy,Medium
2/16/2024,SKU-327,Food,38,Yes,430.11,Friday,West,4,Rainy,Medium
2/17/2024,SKU-464,Clothing,174,No,340.09,Thursday,East,1,Sunny,Low
2/18/2024,SKU-315,Furniture,4,Yes,419.76,Sunday,West,9,Sunny,Medium
2/19/2024,SKU-283,Clothing,188,No,430.09,Saturday,East,4,Cloudy,Medium
2/20/2024,SKU-114,Food,57,No,375.44,Wednesday,South,7,Sunny,Low
2/21/2024,SKU-256,Clothing,173,Yes,222.41,Friday,West,7,Sunny,Medium
2/22/2024,SKU-235,Food,20,Yes,307.22,Saturday,North,2,Cloudy,Low
2/23/2024,SKU-360,Food,17,Yes,84.38,Tuesday,South,1,Sunny,High
2/24/2024,SKU-256,Clothing,119,Yes,338.45,Thursday,North,8,Sunny,High
2/25/2024,SKU-146,Clothing,71,No,93.73,Friday,East,8,Cloudy,High
2/26/2024,SKU-423,Electronics,4,Yes,348.51,Thursday,East,7,Sunny,Low
2/27/2024,SKU-431,Furniture,14,Yes,118.65,Tuesday,North,8,Sunny,Low
2/28/2024,SKU-272,Food,3,Yes,63.19,Friday,North,3,Cloudy,Medium
2/29/2024,SKU-229,Electronics,80,No,86.82,Tuesday,South,2,Cloudy,Medium
3/1/2024,SKU-194,Clothing,186,Yes,5.99,Monday,North,7,Rainy,Medium
3/2/2024,SKU-214,Furniture,55,Yes,360.78,Tuesday,West,8,Sunny,Medium
3/3/2024,SKU-342,Electronics,132,No,367.54,Sunday,West,1,Rainy,Medium
3/4/2024,SKU-391,Food,120,No,259.89,Sunday,North,9,Rainy,Low
3/5/2024,SKU-381,Electronics,24,Yes,84.87,Thursday,West,4,Cloudy,Low
3/6/2024,SKU-398,Food,162,Yes,46.36,Wednesday,North,4,Sunny,High
3/7/2024,SKU-382,Clothing,158,Yes,14.47,Tuesday,South,3,Sunny,High
3/8/2024,SKU-168,Furniture,82,Yes,87.05,Saturday,West,6,Cloudy,High
3/9/2024,SKU-247,Furniture,147,Yes,445.97,Sunday,West,1,Rainy,High
3/10/2024,SKU-110,Furniture,159,No,124.56,Wednesday,North,6,Cloudy,Low
3/11/2024,SKU-353,Clothing,188,No,180.36,Monday,West,2,Sunny,Low
3/12/2024,SKU-429,Food,60,Yes,57.15,Friday,East,9,Cloudy,Low
3/13/2024,SKU-459,Clothing,147,Yes,115.07,Friday,South,2,Sunny,Medium
3/14/2024,SKU-137,Furniture,49,No,262.02,Sunday,South,7,Rainy,Medium
3/15/2024,SKU-233,Clothing,63,Yes,305.84,Wednesday,West,1,Sunny,High
3/16/2024,SKU-299,Clothing,110,Yes,126.45,Sunday,West,7,Rainy,Medium
3/17/2024,SKU-122,Clothing,150,Yes,33.58,Friday,East,5,Rainy,Low
3/18/2024,SKU-402,Food,152,Yes,198.56,Tuesday,East,8,Sunny,High
3/19/2024,SKU-445,Electronics,109,Yes,120.93,Wednesday,West,4,Sunny,High
3/20/2024,SKU-401,Electronics,76,No,113.68,Thursday,West,7,Rainy,Medium
3/21/2024,SKU-462,Clothing,30,Yes,480.13,Tuesday,East,6,Cloudy,High
3/22/2024,SKU-495,Electronics,58,Yes,310.07,Tuesday,North,5,Sunny,Medium
3/23/2024,SKU-317,Electronics,117,Yes,280.65,Tuesday,East,4,Rainy,Medium
3/24/2024,SKU-240,Clothing,159,No,210.81,Thursday,North,7,Rainy,High
3/25/2024,SKU-203,Clothing,100,No,217.33,Monday,South,5,Cloudy,Medium
3/26/2024,SKU-309,Furniture,192,No,272.75,Saturday,South,5,Sunny,Medium
3/27/2024,SKU-210,Electronics,19,No,349.73,Sunday,East,1,Rainy,Medium
3/28/2024,SKU-203,Food,176,Yes,352.56,Friday,North,2,Cloudy,Medium
3/29/2024,SKU-415,Clothing,173,No,89.99,Sunday,East,5,Rainy,High
3/30/2024,SKU-270,Furniture,94,Yes,252.56,Wednesday,East,3,Sunny,Low
3/31/2024,SKU-455,Food,183,Yes,208.92,Monday,North,2,Cloudy,Low
4/1/2024,SKU-423,Electronics,113,No,435.91,Wednesday,East,4,Rainy,Medium
4/2/2024,SKU-232,Furniture,183,No,317.55,Sunday,South,4,Cloudy,Medium
4/3/2024,SKU-475,Clothing,146,No,268.59,Friday,West,4,Sunny,Medium
4/4/2024,SKU-392,Food,63,No,62.12,Thursday,West,4,Cloudy,Low
4/5/2024,SKU-427,Clothing,116,No,304.79,Sunday,East,3,Sunny,Medium
4/6/2024,SKU-226,Electronics,113,Yes,63.02,Tuesday,North,7,Rainy,High
4/7/2024,SKU-205,Food,47,No,171.92,Sunday,North,9,Sunny,High
4/8/2024,SKU-191,Electronics,57,No,75.71,Tuesday,South,5,Rainy,High
4/9/2024,SKU-386,Electronics,118,No,347.58,Thursday,North,4,Rainy,Low
4/10/2024,SKU-477,Furniture,45,Yes,107.09,Sunday,North,2,Sunny,Medium
4/11/2024,SKU-492,Clothing,161,No,198.97,Monday,South,2,Rainy,Medium
4/12/2024,SKU-150,Food,145,Yes,448.36,Monday,East,5,Cloudy,Medium
4/13/2024,SKU-128,Electronics,198,No,106.14,Wednesday,West,7,Rainy,Low
4/14/2024,SKU-395,Electronics,4,No,256.36,Thursday,South,9,Sunny,Low
4/15/2024,SKU-396,Food,148,Yes,212.54,Monday,East,7,Cloudy,Low
4/16/2024,SKU-313,Electronics,47,No,13.97,Sunday,South,5,Cloudy,Low
4/17/2024,SKU-366,Furniture,143,Yes,397.42,Thursday,East,6,Rainy,High
4/18/2024,SKU-356,Furniture,198,Yes,39.18,Friday,South,3,Rainy,Low
4/19/2024,SKU-401,Furniture,47,Yes,239.76,Tuesday,East,5,Sunny,Low
4/20/2024,SKU-200,Furniture,78,No,282.54,Sunday,South,8,Cloudy,Low
4/21/2024,SKU-445,Electronics,124,No,316.07,Tuesday,East,1,Sunny,Medium
4/22/2024,SKU-209,Food,75,No,345.87,Tuesday,South,1,Rainy,Medium
4/23/2024,SKU-281,Food,103,Yes,130.37,Thursday,West,7,Cloudy,Medium
4/24/2024,SKU-412,Food,137,No,9.94,Thursday,West,5,Sunny,High
4/25/2024,SKU-100,Food,90,Yes,363.1,Wednesday,North,5,Sunny,High
4/26/2024,SKU-418,Clothing,144,No,270.15,Tuesday,East,1,Sunny,Low
4/27/2024,SKU-154,Food,69,Yes,418.88,Wednesday,South,9,Sunny,Medium
4/28/2024,SKU-470,Clothing,61,Yes,411.59,Tuesday,East,1,Sunny,High
4/29/2024,SKU-498,Clothing,138,Yes,422.45,Wednesday,West,5,Cloudy,Medium
4/30/2024,SKU-248,Furniture,50,No,245.12,Wednesday,East,9,Sunny,High
5/1/2024,SKU-408,Clothing,3,Yes,170.15,Friday,South,4,Cloudy,High
5/2/2024,SKU-236,Electronics,107,Yes,396.82,Wednesday,East,8,Sunny,Low
5/3/2024,SKU-301,Clothing,113,Yes,228.39,Thursday,South,6,Rainy,Low
5/4/2024,SKU-412,Furniture,94,Yes,95.8,Wednesday,West,3,Rainy,High
5/5/2024,SKU-216,Clothing,118,Yes,428.21,Tuesday,West,4,Sunny,Low
5/6/2024,SKU-253,Electronics,198,Yes,441.87,Wednesday,West,2,Rainy,High
5/7/2024,SKU-390,Electronics,81,No,235.82,Monday,North,1,Cloudy,High
5/8/2024,SKU-162,Electronics,109,No,42.47,Saturday,West,8,Sunny,Medium
5/9/2024,SKU-343,Furniture,51,Yes,196.97,Tuesday,East,1,Cloudy,Low
5/10/2024,SKU-124,Furniture,147,No,402.75,Monday,North,1,Sunny,Low
5/11/2024,SKU-189,Food,170,No,451.38,Tuesday,West,4,Rainy,Low
5/12/2024,SKU-174,Furniture,35,Yes,105.72,Thursday,East,6,Cloudy,Medium
5/13/2024,SKU-393,Electronics,46,Yes,38.15,Saturday,East,9,Rainy,Medium
5/14/2024,SKU-485,Electronics,154,Yes,439.29,Saturday,East,1,Rainy,Medium
5/15/2024,SKU-490,Furniture,69,No,197.76,Thursday,South,7,Sunny,Low
5/16/2024,SKU-309,Clothing,93,Yes,273.17,Saturday,North,5,Cloudy,Low
5/17/2024,SKU-446,Furniture,64,No,484.19,Thursday,East,8,Rainy,Low
5/18/2024,SKU-116,Furniture,165,Yes,37.95,Monday,South,7,Sunny,Medium
5/19/2024,SKU-227,Electronics,49,No,325.92,Friday,West,4,Sunny,Medium
5/20/2024,SKU-463,Food,149,Yes,41.68,Tuesday,East,4,Sunny,High
5/21/2024,SKU-350,Electronics,74,Yes,190.86,Thursday,South,6,Rainy,Medium
5/22/2024,SKU-278,Food,192,No,402.89,Tuesday,East,6,Sunny,High
5/23/2024,SKU-281,Electronics,5,No,219.57,Monday,North,9,Cloudy,Low
5/24/2024,SKU-251,Furniture,100,No,498.61,Friday,North,5,Cloudy,Medium
5/25/2024,SKU-124,Electronics,70,No,281.73,Monday,West,8,Rainy,Low
5/26/2024,SKU-279,Electronics,90,No,163.98,Saturday,East,5,Cloudy,Low
5/27/2024,SKU-297,Electronics,4,No,113.96,Tuesday,South,2,Sunny,Low
5/28/2024,SKU-443,Furniture,126,Yes,178.51,Sunday,West,6,Rainy,Low
5/29/2024,SKU-260,Furniture,39,No,189.4,Friday,East,9,Sunny,Medium
5/30/2024,SKU-276,Furniture,163,Yes,39.01,Saturday,West,3,Rainy,Low
5/31/2024,SKU-384,Furniture,129,Yes,187.94,Friday,South,1,Rainy,High
6/1/2024,SKU-162,Food,24,No,234.8,Saturday,West,1,Sunny,Medium
6/2/2024,SKU-249,Food,57,Yes,362.76,Monday,West,3,Cloudy,Low
6/3/2024,SKU-253,Clothing,100,No,330.08,Thursday,West,5,Cloudy,Medium
6/4/2024,SKU-255,Furniture,70,No,355.84,Tuesday,East,3,Rainy,High
6/5/2024,SKU-469,Food,41,Yes,9.14,Wednesday,South,9,Sunny,Low
6/6/2024,SKU-148,Electronics,182,Yes,112.75,Wednesday,North,8,Sunny,High
6/7/2024,SKU-436,Furniture,174,No,332.53,Monday,East,3,Rainy,Low
6/8/2024,SKU-183,Clothing,60,No,244.57,Tuesday,North,9,Cloudy,High
6/9/2024,SKU-460,Clothing,108,Yes,7.63,Tuesday,North,6,Sunny,Low
6/10/2024,SKU-276,Clothing,188,Yes,403.22,Monday,East,7,Cloudy,Medium
6/11/2024,SKU-247,Electronics,57,Yes,387.54,Tuesday,East,4,Cloudy,Low
6/12/2024,SKU-217,Food,31,Yes,276.47,Thursday,South,4,Rainy,Medium
6/13/2024,SKU-441,Electronics,84,No,37.9,Monday,South,2,Rainy,Low
6/14/2024,SKU-162,Furniture,152,No,384.42,Thursday,West,5,Cloudy,Low
6/15/2024,SKU-288,Clothing,36,No,293.94,Tuesday,North,8,Sunny,High
6/16/2024,SKU-459,Electronics,158,No,392.07,Monday,South,7,Sunny,High
6/17/2024,SKU-148,Electronics,152,Yes,377.11,Tuesday,West,7,Rainy,High
6/18/2024,SKU-426,Food,108,Yes,402.49,Monday,South,6,Cloudy,Low
6/19/2024,SKU-356,Food,106,No,261.41,Tuesday,East,3,Sunny,Low
6/20/2024,SKU-323,Clothing,158,No,74.46,Thursday,South,5,Sunny,Low
6/21/2024,SKU-240,Electronics,86,No,337.22,Sunday,North,1,Rainy,Medium
6/22/2024,SKU-314,Electronics,135,No,312.13,Thursday,South,7,Cloudy,Medium
6/23/2024,SKU-478,Food,163,No,372.42,Tuesday,North,9,Sunny,Low
6/24/2024,SKU-310,Electronics,183,No,89.09,Monday,East,1,Rainy,High
6/25/2024,SKU-417,Electronics,14,No,101.51,Wednesday,North,2,Sunny,High
6/26/2024,SKU-131,Electronics,120,No,445.75,Thursday,South,3,Sunny,High
6/27/2024,SKU-257,Food,138,No,376.24,Thursday,West,3,Sunny,Low
6/28/2024,SKU-384,Clothing,80,Yes,454.57,Saturday,East,8,Rainy,High
6/29/2024,SKU-404,Furniture,144,No,380.56,Wednesday,South,7,Cloudy,Low
6/30/2024,SKU-385,Clothing,182,Yes,300.59,Tuesday,East,6,Rainy,Medium
7/1/2024,SKU-243,Furniture,106,Yes,328.8,Sunday,East,4,Cloudy,High
7/2/2024,SKU-118,Electronics,70,No,445.12,Monday,South,9,Sunny,Medium
7/3/2024,SKU-117,Clothing,44,No,291.51,Saturday,South,1,Cloudy,High
7/4/2024,SKU-356,Furniture,73,Yes,318.03,Tuesday,West,2,Sunny,Low
7/5/2024,SKU-177,Food,45,Yes,82.46,Friday,East,4,Sunny,Low
7/6/2024,SKU-470,Food,184,No,239.59,Sunday,East,3,Rainy,Low
7/7/2024,SKU-274,Clothing,107,Yes,359.62,Thursday,South,1,Sunny,Low
7/8/2024,SKU-293,Clothing,84,No,139.12,Friday,North,5,Rainy,High
7/9/2024,SKU-212,Electronics,82,No,105.12,Thursday,South,7,Cloudy,Medium
7/10/2024,SKU-213,Clothing,107,No,160.34,Thursday,East,2,Cloudy,Low
7/11/2024,SKU-321,Electronics,185,Yes,124.54,Friday,South,5,Sunny,High
7/12/2024,SKU-265,Electronics,21,Yes,111.38,Sunday,West,6,Rainy,Medium
7/13/2024,SKU-418,Food,196,No,215.3,Friday,North,7,Sunny,Low
7/14/2024,SKU-231,Food,178,Yes,454.38,Tuesday,South,1,Rainy,Medium
7/15/2024,SKU-484,Furniture,161,Yes,255.99,Saturday,West,7,Rainy,Low
7/16/2024,SKU-363,Food,7,Yes,98.02,Saturday,East,4,Rainy,Medium
7/17/2024,SKU-154,Food,70,Yes,43.1,Friday,South,8,Cloudy,Medium
7/18/2024,SKU-458,Clothing,127,Yes,349.6,Tuesday,East,4,Rainy,Low
7/19/2024,SKU-230,Food,143,Yes,194.49,Saturday,West,6,Cloudy,High
7/20/2024,SKU-387,Furniture,160,Yes,411.81,Tuesday,East,9,Rainy,Medium
7/21/2024,SKU-365,Clothing,148,No,331.46,Tuesday,West,5,Cloudy,Low
7/22/2024,SKU-465,Furniture,143,Yes,399.14,Thursday,West,4,Cloudy,Medium
7/23/2024,SKU-261,Food,176,Yes,139.61,Saturday,West,8,Cloudy,Medium
7/24/2024,SKU-479,Furniture,199,Yes,347.72,Saturday,South,9,Sunny,High
7/25/2024,SKU-186,Clothing,149,Yes,135.71,Thursday,East,4,Rainy,Medium
7/26/2024,SKU-154,Electronics,170,Yes,469.84,Friday,East,3,Sunny,Medium
7/27/2024,SKU-387,Furniture,154,Yes,320.01,Thursday,North,8,Rainy,Low
7/28/2024,SKU-277,Furniture,120,Yes,165.63,Saturday,North,5,Rainy,Low
7/29/2024,SKU-490,Clothing,128,Yes,138.41,Saturday,North,2,Sunny,High
7/30/2024,SKU-448,Clothing,142,No,99.51,Sunday,North,9,Cloudy,Medium
7/31/2024,SKU-107,Furniture,57,Yes,348.85,Friday,East,3,Rainy,Medium
8/1/2024,SKU-420,Food,165,Yes,113.26,Thursday,West,2,Cloudy,Medium
8/2/2024,SKU-412,Furniture,58,Yes,299.68,Monday,West,1,Sunny,High
8/3/2024,SKU-346,Clothing,21,Yes,135.99,Monday,South,8,Cloudy,Medium
8/4/2024,SKU-422,Electronics,82,No,332.67,Friday,West,3,Rainy,Low
8/5/2024,SKU-354,Electronics,69,No,408.4,Thursday,East,7,Rainy,High
8/6/2024,SKU-427,Food,131,No,390.12,Thursday,East,1,Rainy,Low
8/7/2024,SKU-153,Furniture,87,No,381.62,Tuesday,East,1,Sunny,Low
8/8/2024,SKU-348,Electronics,165,No,97.92,Saturday,South,9,Rainy,High
8/9/2024,SKU-338,Furniture,49,No,48.75,Wednesday,North,8,Sunny,Low
8/10/2024,SKU-328,Clothing,147,No,350.98,Sunday,West,3,Cloudy,Medium
8/11/2024,SKU-166,Electronics,115,No,187.33,Friday,East,6,Rainy,High
8/12/2024,SKU-150,Food,89,No,219.01,Wednesday,East,3,Rainy,Low
8/13/2024,SKU-196,Clothing,85,No,20.42,Wednesday,North,4,Rainy,Medium
8/14/2024,SKU-191,Food,128,No,133.49,Friday,East,1,Cloudy,Medium
8/15/2024,SKU-363,Clothing,140,No,21.67,Thursday,West,5,Rainy,Low
8/16/2024,SKU-390,Electronics,189,No,440.2,Friday,South,1,Sunny,Medium
8/17/2024,SKU-195,Food,169,No,125.48,Wednesday,East,1,Cloudy,High
8/18/2024,SKU-187,Food,161,No,280.88,Saturday,West,7,Cloudy,Low
8/19/2024,SKU-177,Clothing,178,No,24.29,Sunday,East,6,Cloudy,Medium
8/20/2024,SKU-387,Food,117,Yes,335.09,Sunday,North,2,Cloudy,Medium
8/21/2024,SKU-219,Clothing,196,No,164.9,Saturday,East,2,Cloudy,Low
8/22/2024,SKU-401,Clothing,127,Yes,449.47,Saturday,East,7,Sunny,Low
8/23/2024,SKU-499,Clothing,71,No,444.62,Thursday,South,1,Cloudy,Low
8/24/2024,SKU-264,Clothing,86,No,166.02,Monday,North,2,Rainy,Low
8/25/2024,SKU-281,Electronics,33,Yes,450.98,Friday,North,8,Cloudy,High
8/26/2024,SKU-497,Clothing,81,No,498.1,Sunday,South,6,Cloudy,Low
8/27/2024,SKU-322,Furniture,152,Yes,413.58,Saturday,East,2,Cloudy,High
8/28/2024,SKU-410,Food,61,Yes,423.21,Friday,West,7,Cloudy,High
8/29/2024,SKU-106,Furniture,61,Yes,128.26,Sunday,North,4,Cloudy,Low
8/30/2024,SKU-429,Electronics,98,No,290.47,Saturday,North,2,Sunny,High
8/31/2024,SKU-362,Furniture,28,No,38.29,Sunday,East,6,Sunny,Low
9/1/2024,SKU-260,Food,186,No,51.98,Thursday,East,9,Cloudy,Low
9/2/2024,SKU-250,Furniture,43,Yes,499.45,Monday,North,9,Sunny,Medium
9/3/2024,SKU-184,Electronics,169,Yes,166.69,Monday,East,8,Rainy,Low
9/4/2024,SKU-246,Clothing,167,No,375.35,Saturday,West,3,Cloudy,Medium
9/5/2024,SKU-211,Furniture,86,No,404.3,Sunday,North,3,Rainy,High
9/6/2024,SKU-480,Electronics,177,No,429.72,Thursday,West,2,Rainy,Medium
9/7/2024,SKU-135,Electronics,17,No,498.83,Tuesday,West,5,Cloudy,High
9/8/2024,SKU-384,Food,98,No,124.54,Friday,East,4,Rainy,Low
9/9/2024,SKU-287,Food,198,Yes,24.97,Friday,West,7,Rainy,High
9/10/2024,SKU-181,Furniture,198,Yes,208.54,Wednesday,East,4,Rainy,High
9/11/2024,SKU-101,Clothing,98,Yes,69.39,Thursday,South,9,Cloudy,Low
9/12/2024,SKU-484,Electronics,65,No,16.1,Sunday,East,2,Cloudy,High
9/13/2024,SKU-402,Furniture,74,Yes,183.41,Wednesday,West,6,Rainy,Low
9/14/2024,SKU-296,Electronics,85,Yes,392.95,Saturday,South,7,Cloudy,Medium
9/15/2024,SKU-110,Electronics,5,Yes,285.26,Sunday,East,4,Cloudy,Low
9/16/2024,SKU-333,Clothing,2,Yes,159.83,Wednesday,West,6,Rainy,Low
9/17/2024,SKU-485,Clothing,22,Yes,328.9,Monday,North,7,Cloudy,High
9/18/2024,SKU-294,Furniture,112,No,119.85,Friday,North,4,Sunny,Medium
9/19/2024,SKU-218,Clothing,57,Yes,12.12,Sunday,East,8,Cloudy,Low
9/20/2024,SKU-495,Clothing,66,No,383.35,Wednesday,East,9,Sunny,Medium
9/21/2024,SKU-119,Furniture,74,No,313.75,Monday,North,1,Rainy,Medium
9/22/2024,SKU-360,Clothing,98,No,382.34,Thursday,West,7,Cloudy,High
9/23/2024,SKU-392,Food,144,No,24.27,Wednesday,West,9,Rainy,Low
9/24/2024,SKU-355,Electronics,112,No,419.37,Saturday,West,5,Rainy,High
9/25/2024,SKU-321,Electronics,179,Yes,311.67,Saturday,East,2,Rainy,Low
9/26/2024,SKU-492,Electronics,125,Yes,283.88,Saturday,South,6,Rainy,Medium
9/27/2024,SKU-325,Electronics,167,No,314.18,Sunday,South,7,Rainy,Low
9/28/2024,SKU-152,Furniture,86,No,432.89,Friday,South,2,Cloudy,Low
9/29/2024,SKU-454,Electronics,76,No,295.53,Wednesday,South,2,Sunny,Medium
9/30/2024,SKU-441,Electronics,88,Yes,292.57,Thursday,South,1,Cloudy,Medium
10/1/2024,SKU-463,Electronics,168,No,495.39,Wednesday,East,4,Cloudy,Low
10/2/2024,SKU-379,Electronics,38,Yes,379.58,Friday,East,7,Cloudy,High
10/3/2024,SKU-180,Food,188,No,223.94,Monday,South,9,Cloudy,Low
10/4/2024,SKU-301,Electronics,59,Yes,355.16,Friday,East,3,Sunny,Medium
10/5/2024,SKU-257,Food,138,No,197.67,Saturday,East,7,Cloudy,High
10/6/2024,SKU-219,Furniture,99,Yes,118.29,Sunday,South,7,Rainy,Medium
10/7/2024,SKU-158,Clothing,192,No,300.44,Monday,West,7,Cloudy,Medium
10/8/2024,SKU-314,Electronics,63,Yes,464.45,Sunday,East,2,Cloudy,High
10/9/2024,SKU-227,Clothing,49,Yes,464.92,Saturday,West,6,Sunny,Medium
10/10/2024,SKU-323,Clothing,192,Yes,174.24,Tuesday,East,2,Sunny,Medium
10/11/2024,SKU-308,Furniture,32,Yes,266.2,Friday,East,6,Rainy,Medium
10/12/2024,SKU-469,Clothing,135,Yes,109.76,Friday,South,3,Cloudy,Medium
10/13/2024,SKU-214,Food,21,Yes,497.84,Thursday,East,2,Cloudy,Medium
10/14/2024,SKU-308,Clothing,20,Yes,490.65,Wednesday,North,6,Cloudy,Medium
10/15/2024,SKU-113,Clothing,154,No,326.51,Monday,North,2,Rainy,Medium
10/16/2024,SKU-108,Clothing,127,No,403.18,Sunday,South,5,Sunny,Medium
10/17/2024,SKU-139,Electronics,68,No,358.97,Monday,West,2,Rainy,Medium
10/18/2024,SKU-336,Electronics,110,No,298.61,Thursday,West,3,Cloudy,Low
10/19/2024,SKU-380,Food,116,No,31.41,Thursday,West,3,Sunny,Low
10/20/2024,SKU-458,Food,143,Yes,230.11,Sunday,North,6,Sunny,Medium
10/21/2024,SKU-300,Electronics,120,Yes,339.02,Wednesday,West,6,Rainy,Low
10/22/2024,SKU-345,Food,79,Yes,340.38,Sunday,West,3,Sunny,High
10/23/2024,SKU-377,Electronics,116,Yes,189.7,Sunday,South,3,Sunny,Low
10/24/2024,SKU-334,Furniture,92,Yes,471.14,Saturday,West,1,Cloudy,Medium
10/25/2024,SKU-103,Clothing,14,No,87.84,Wednesday,North,7,Cloudy,Medium
10/26/2024,SKU-253,Clothing,155,No,252.68,Friday,North,8,Sunny,Low
10/27/2024,SKU-128,Food,125,No,346.99,Saturday,North,2,Sunny,Medium
10/28/2024,SKU-208,Electronics,168,No,350.08,Tuesday,South,4,Rainy,High
10/29/2024,SKU-197,Electronics,58,Yes,326.08,Wednesday,South,7,Rainy,High
10/30/2024,SKU-314,Food,28,Yes,141.27,Thursday,East,8,Sunny,Medium
10/31/2024,SKU-392,Electronics,26,Yes,82.32,Saturday,West,1,Cloudy,High
11/1/2024,SKU-174,Furniture,113,No,319.79,Wednesday,South,4,Sunny,High
11/2/2024,SKU-425,Clothing,191,Yes,301.65,Monday,North,6,Sunny,Low
11/3/2024,SKU-245,Food,66,No,93.78,Sunday,North,3,Cloudy,High
11/4/2024,SKU-227,Food,153,Yes,354.04,Tuesday,South,5,Cloudy,Low
11/5/2024,SKU-440,Electronics,131,Yes,230.31,Friday,South,9,Rainy,Medium
11/6/2024,SKU-141,Food,44,No,335.54,Sunday,South,3,Rainy,Low
11/7/2024,SKU-455,Furniture,97,Yes,419.5,Monday,East,5,Rainy,Medium
11/8/2024,SKU-140,Electronics,42,Yes,89.02,Monday,North,8,Rainy,Medium
11/9/2024,SKU-133,Electronics,6,No,14.48,Tuesday,East,6,Cloudy,Medium
11/10/2024,SKU-116,Electronics,167,Yes,390.66,Friday,East,4,Sunny,Medium
11/11/2024,SKU-264,Electronics,180,No,306.8,Thursday,West,8,Rainy,Medium
11/12/2024,SKU-252,Furniture,23,Yes,351.32,Saturday,North,3,Rainy,Low
11/13/2024,SKU-477,Electronics,89,Yes,419.89,Friday,North,3,Cloudy,Medium
11/14/2024,SKU-175,Food,123,Yes,402.39,Wednesday,South,4,Cloudy,High
11/15/2024,SKU-186,Furniture,178,Yes,480.66,Monday,South,9,Sunny,High
11/16/2024,SKU-216,Clothing,171,Yes,270.29,Wednesday,West,5,Sunny,Medium
11/17/2024,SKU-461,Clothing,147,Yes,246.81,Thursday,East,8,Cloudy,High
11/18/2024,SKU-441,Food,197,Yes,203.93,Wednesday,South,6,Rainy,Low
11/19/2024,SKU-126,Food,51,Yes,81.08,Friday,South,3,Rainy,Low
11/20/2024,SKU-412,Furniture,11,No,288.44,Wednesday,North,8,Rainy,Medium
11/21/2024,SKU-386,Clothing,12,No,142.12,Thursday,North,9,Sunny,Medium
11/22/2024,SKU-233,Clothing,74,Yes,461.05,Thursday,South,8,Rainy,Medium
11/23/2024,SKU-318,Clothing,8,Yes,293.68,Thursday,North,4,Rainy,High
11/24/2024,SKU-267,Clothing,152,No,298.46,Friday,West,6,Cloudy,High
11/25/2024,SKU-197,Clothing,41,Yes,180.69,Thursday,South,1,Rainy,Low
11/26/2024,SKU-367,Electronics,164,Yes,30.73,Monday,North,4,Cloudy,High
11/27/2024,SKU-336,Food,85,No,20.71,Sunday,West,8,Rainy,Low
11/28/2024,SKU-408,Electronics,72,Yes,214.55,Thursday,North,1,Sunny,High
11/29/2024,SKU-493,Clothing,55,Yes,46.86,Wednesday,North,3,Rainy,Low
11/30/2024,SKU-272,Furniture,137,No,305.39,Saturday,North,1,Rainy,Medium
12/1/2024,SKU-289,Furniture,47,Yes,441.08,Wednesday,South,9,Cloudy,High
12/2/2024,SKU-221,Clothing,143,Yes,442.04,Saturday,East,2,Cloudy,Low
12/3/2024,SKU-145,Clothing,176,No,331.23,Wednesday,North,9,Cloudy,High
12/4/2024,SKU-163,Furniture,104,Yes,109.56,Friday,West,4,Rainy,Medium
12/5/2024,SKU-229,Electronics,42,No,432.18,Wednesday,South,2,Rainy,Low
12/6/2024,SKU-409,Electronics,60,Yes,443.62,Friday,South,4,Sunny,High
12/7/2024,SKU-462,Clothing,198,Yes,102.34,Friday,West,6,Rainy,High
12/8/2024,SKU-292,Electronics,12,No,370.03,Thursday,North,7,Sunny,Medium
12/9/2024,SKU-406,Furniture,130,No,146.83,Monday,East,3,Cloudy,Medium
12/10/2024,SKU-280,Electronics,7,Yes,402.31,Saturday,North,3,Cloudy,Low
12/11/2024,SKU-391,Clothing,80,No,498.63,Thursday,West,8,Cloudy,High
12/12/2024,SKU-470,Furniture,131,No,19.86,Thursday,South,5,Sunny,High
12/13/2024,SKU-381,Electronics,109,Yes,449.2,Sunday,East,4,Rainy,Medium
12/14/2024,SKU-128,Food,3,Yes,313.2,Friday,South,7,Cloudy,Medium
12/15/2024,SKU-248,Furniture,27,Yes,486.82,Friday,West,7,Rainy,Low
12/16/2024,SKU-366,Furniture,114,No,235.18,Saturday,North,9,Rainy,High
12/17/2024,SKU-395,Food,107,No,424.46,Wednesday,East,9,Cloudy,High
12/18/2024,SKU-110,Food,40,No,35.89,Wednesday,South,5,Sunny,Low
12/19/2024,SKU-263,Furniture,161,No,170.96,Thursday,South,8,Rainy,Low
12/20/2024,SKU-212,Food,129,Yes,38.17,Tuesday,South,1,Cloudy,Medium
12/21/2024,SKU-286,Clothing,8,No,487.79,Tuesday,North,9,Rainy,Medium
12/22/2024,SKU-394,Clothing,101,Yes,409.4,Wednesday,East,8,Rainy,Low
12/23/2024,SKU-331,Clothing,160,No,427.01,Tuesday,North,6,Rainy,Low
12/24/2024,SKU-326,Furniture,124,Yes,469.29,Sunday,North,3,Rainy,High
12/25/2024,SKU-409,Food,176,Yes,47.13,Wednesday,North,3,Rainy,Low
12/26/2024,SKU-197,Food,107,Yes,195.87,Friday,West,8,Sunny,Low
12/27/2024,SKU-154,Electronics,101,No,40.16,Thursday,West,5,Sunny,High
12/28/2024,SKU-210,Electronics,4,Yes,109.34,Monday,West,7,Cloudy,Low
12/29/2024,SKU-251,Food,198,Yes,118.54,Thursday,East,5,Sunny,Medium
12/30/2024,SKU-345,Food,110,No,237.21,Wednesday,North,8,Sunny,Medium
12/31/2024,SKU-168,Food,19,Yes,137.94,Sunday,North,4,Sunny,High
1/1/2025,SKU-411,Furniture,32,No,54.98,Wednesday,West,2,Rainy,Low
1/2/2025,SKU-388,Food,137,No,87.91,Thursday,North,3,Rainy,Medium
1/3/2025,SKU-349,Electronics,12,Yes,77.9,Sunday,North,8,Cloudy,Medium
1/4/2025,SKU-135,Furniture,139,Yes,486.67,Sunday,South,7,Cloudy,Medium
1/5/2025,SKU-338,Food,46,No,380.85,Sunday,North,2,Cloudy,Medium
1/6/2025,SKU-247,Electronics,119,Yes,484.04,Saturday,South,6,Rainy,Low
1/7/2025,SKU-326,Furniture,16,No,222.67,Wednesday,North,9,Sunny,Low
1/8/2025,SKU-343,Food,129,No,142.79,Tuesday,East,4,Sunny,Low
1/9/2025,SKU-436,Food,63,No,400.16,Tuesday,West,9,Rainy,Low
1/10/2025,SKU-464,Food,109,Yes,166.5,Wednesday,South,2,Cloudy,Medium
1/11/2025,SKU-300,Furniture,119,No,153.19,Wednesday,West,2,Cloudy,High
1/12/2025,SKU-253,Electronics,21,Yes,120.09,Saturday,South,9,Cloudy,High
1/13/2025,SKU-172,Electronics,158,Yes,69.19,Tuesday,South,7,Rainy,Medium
1/14/2025,SKU-300,Clothing,13,Yes,131.95,Wednesday,South,7,Cloudy,Medium
1/15/2025,SKU-395,Food,162,Yes,180.88,Wednesday,East,1,Cloudy,High
1/16/2025,SKU-116,Clothing,4,No,338.63,Saturday,North,6,Rainy,High
1/17/2025,SKU-228,Clothing,156,Yes,35.97,Saturday,South,7,Sunny,Medium
1/18/2025,SKU-316,Electronics,102,No,109.2,Thursday,East,6,Rainy,Medium
1/19/2025,SKU-160,Furniture,59,No,405.47,Saturday,South,6,Rainy,Low
1/20/2025,SKU-203,Furniture,128,Yes,77.73,Monday,North,2,Rainy,Low
1/21/2025,SKU-141,Electronics,27,No,174.61,Tuesday,South,6,Rainy,High
1/22/2025,SKU-124,Furniture,69,No,433.01,Thursday,East,4,Sunny,Medium
1/23/2025,SKU-138,Clothing,25,Yes,81.69,Monday,North,9,Cloudy,High
1/24/2025,SKU-390,Food,131,No,45.95,Wednesday,East,1,Rainy,Low
1/25/2025,SKU-230,Electronics,97,No,244.85,Wednesday,North,8,Sunny,Low
1/26/2025,SKU-328,Food,196,No,154.7,Thursday,North,5,Cloudy,High
1/27/2025,SKU-207,Furniture,25,No,283.89,Saturday,West,1,Cloudy,Low
1/28/2025,SKU-271,Food,148,Yes,402.88,Sunday,West,4,Cloudy,Medium
1/29/2025,SKU-201,Furniture,162,No,72.89,Sunday,West,1,Rainy,High
1/30/2025,SKU-453,Furniture,154,No,292.45,Wednesday,North,6,Rainy,Medium
1/31/2025,SKU-111,Clothing,126,No,255.23,Sunday,South,2,Cloudy,Medium
2/1/2025,SKU-374,Furniture,133,No,76.32,Friday,East,5,Cloudy,Low
2/2/2025,SKU-200,Clothing,189,Yes,313.88,Thursday,East,7,Cloudy,Medium
2/3/2025,SKU-143,Clothing,9,No,140.45,Monday,East,2,Cloudy,High
2/4/2025,SKU-404,Clothing,116,Yes,246.48,Thursday,West,6,Cloudy,Medium
2/5/2025,SKU-116,Electronics,178,No,45.72,Tuesday,North,6,Cloudy,Medium
2/6/2025,SKU-429,Electronics,134,Yes,232.49,Saturday,West,5,Sunny,Medium
2/7/2025,SKU-156,Furniture,60,Yes,156.7,Saturday,South,5,Cloudy,Medium
2/8/2025,SKU-410,Clothing,172,Yes,412.08,Thursday,North,3,Rainy,Medium
2/9/2025,SKU-402,Electronics,121,Yes,33.2,Wednesday,East,2,Rainy,Low
2/10/2025,SKU-111,Clothing,139,Yes,212.21,Wednesday,West,7,Rainy,High
2/11/2025,SKU-417,Food,194,No,231.92,Friday,West,1,Cloudy,Low
2/12/2025,SKU-179,Food,175,No,363.88,Friday,South,6,Rainy,High
2/13/2025,SKU-315,Food,108,No,289.27,Saturday,South,6,Sunny,High
2/14/2025,SKU-438,Furniture,108,Yes,335.27,Friday,West,3,Cloudy,High
2/15/2025,SKU-363,Clothing,131,No,389.64,Monday,South,2,Rainy,High
2/16/2025,SKU-248,Food,76,Yes,431.79,Friday,East,2,Sunny,High
2/17/2025,SKU-180,Electronics,30,Yes,160.37,Monday,South,9,Sunny,Medium
2/18/2025,SKU-314,Food,21,No,271.32,Friday,South,5,Rainy,Low
2/19/2025,SKU-473,Food,156,No,420.85,Saturday,West,7,Sunny,Low
2/20/2025,SKU-297,Food,190,Yes,494.78,Saturday,West,5,Rainy,Medium
2/21/2025,SKU-299,Furniture,161,Yes,445.31,Monday,North,7,Sunny,High
2/22/2025,SKU-124,Electronics,163,No,188.88,Thursday,North,4,Cloudy,Low
2/23/2025,SKU-188,Clothing,180,No,101.61,Saturday,West,8,Cloudy,Medium
2/24/2025,SKU-367,Electronics,34,No,247.25,Thursday,South,7,Cloudy,Medium
2/25/2025,SKU-242,Clothing,41,No,372.11,Wednesday,South,5,Cloudy,Low
2/26/2025,SKU-158,Furniture,51,Yes,248.82,Monday,North,6,Cloudy,Low
2/27/2025,SKU-464,Furniture,175,No,244.17,Sunday,North,5,Rainy,High
2/28/2025,SKU-125,Furniture,82,No,419.92,Saturday,North,7,Cloudy,High
3/1/2025,SKU-146,Furniture,58,No,183.89,Tuesday,East,2,Cloudy,Low
3/2/2025,SKU-387,Clothing,75,Yes,430.6,Wednesday,East,5,Cloudy,High
3/3/2025,SKU-365,Food,185,Yes,206.37,Thursday,North,3,Cloudy,Medium
3/4/2025,SKU-115,Clothing,23,Yes,167.48,Saturday,South,9,Sunny,High
3/5/2025,SKU-298,Electronics,176,Yes,229.73,Monday,North,6,Cloudy,High
3/6/2025,SKU-381,Furniture,128,No,382.41,Sunday,East,3,Cloudy,Medium
3/7/2025,SKU-185,Furniture,150,Yes,67.37,Friday,South,7,Rainy,High
3/8/2025,SKU-349,Electronics,17,No,102.23,Sunday,East,4,Sunny,Medium
3/9/2025,SKU-490,Clothing,69,No,475.97,Tuesday,South,3,Rainy,High
3/10/2025,SKU-369,Food,108,No,91.87,Thursday,East,8,Cloudy,Low
3/11/2025,SKU-434,Food,139,No,286.03,Wednesday,South,4,Rainy,High
3/12/2025,SKU-216,Electronics,94,Yes,291.76,Sunday,South,1,Rainy,Low
3/13/2025,SKU-106,Food,15,Yes,247.36,Monday,South,6,Cloudy,Low
3/14/2025,SKU-236,Clothing,91,Yes,324.15,Tuesday,South,1,Sunny,Low
3/15/2025,SKU-470,Clothing,163,No,118.76,Monday,West,5,Sunny,Low
3/16/2025,SKU-275,Electronics,33,No,278.57,Saturday,East,7,Rainy,Low
3/17/2025,SKU-427,Clothing,125,No,189.23,Friday,East,6,Cloudy,Medium
3/18/2025,SKU-414,Furniture,16,No,332.53,Wednesday,West,2,Rainy,Medium
3/19/2025,SKU-314,Electronics,162,No,74.91,Monday,South,4,Rainy,Medium
3/20/2025,SKU-181,Clothing,66,Yes,287.58,Thursday,South,2,Rainy,Low
3/21/2025,SKU-322,Electronics,168,No,96.71,Saturday,East,1,Cloudy,High
3/22/2025,SKU-471,Food,156,Yes,142.93,Saturday,West,3,Cloudy,Medium
3/23/2025,SKU-202,Clothing,47,No,113.26,Wednesday,South,3,Sunny,High
3/24/2025,SKU-372,Furniture,167,No,95.5,Saturday,South,7,Cloudy,High
3/25/2025,SKU-113,Clothing,198,Yes,413.73,Thursday,South,1,Rainy,Low
3/26/2025,SKU-258,Electronics,148,Yes,146.43,Monday,North,9,Rainy,Low
3/27/2025,SKU-251,Electronics,124,No,463.93,Wednesday,West,6,Sunny,Low
3/28/2025,SKU-207,Clothing,1,No,485.11,Saturday,South,4,Cloudy,Medium
3/29/2025,SKU-287,Furniture,87,No,287.77,Saturday,North,3,Rainy,Low
3/30/2025,SKU-400,Furniture,128,No,75.79,Thursday,West,3,Sunny,Medium
3/31/2025,SKU-197,Furniture,191,Yes,190.4,Friday,South,2,Sunny,Medium
4/1/2025,SKU-230,Electronics,67,No,399.88,Friday,East,2,Rainy,Medium
4/2/2025,SKU-392,Clothing,4,Yes,186.86,Sunday,North,5,Rainy,Medium
4/3/2025,SKU-270,Food,186,No,48.07,Saturday,North,9,Cloudy,Low
4/4/2025,SKU-282,Electronics,153,Yes,280.61,Monday,South,2,Sunny,Medium
4/5/2025,SKU-463,Furniture,47,Yes,423.33,Wednesday,South,2,Rainy,Low
4/6/2025,SKU-138,Clothing,38,No,398.98,Saturday,North,6,Sunny,Low
4/7/2025,SKU-114,Furniture,143,Yes,91.69,Tuesday,East,2,Cloudy,Medium
4/8/2025,SKU-475,Food,191,No,338.02,Wednesday,East,4,Rainy,Low
4/9/2025,SKU-103,Furniture,21,Yes,114.15,Sunday,West,6,Cloudy,High
4/10/2025,SKU-448,Furniture,57,No,113.01,Friday,South,5,Sunny,Low
4/11/2025,SKU-496,Food,117,Yes,437.67,Saturday,East,1,Cloudy,Low
4/12/2025,SKU-309,Clothing,181,No,128.59,Thursday,West,6,Cloudy,Medium
4/13/2025,SKU-260,Electronics,46,No,135.31,Tuesday,East,1,Sunny,Medium
4/14/2025,SKU-115,Clothing,142,Yes,5.32,Saturday,South,3,Cloudy,Low
4/15/2025,SKU-207,Food,145,Yes,435.98,Sunday,West,5,Sunny,Medium
4/16/2025,SKU-481,Furniture,39,Yes,397.33,Monday,West,5,Rainy,High
4/17/2025,SKU-410,Clothing,137,Yes,315.53,Tuesday,West,6,Sunny,High
4/18/2025,SKU-326,Electronics,99,No,376.38,Sunday,East,8,Sunny,Medium
4/19/2025,SKU-269,Food,77,Yes,80.26,Saturday,South,5,Rainy,Low
4/20/2025,SKU-133,Clothing,115,No,231.87,Monday,West,1,Sunny,High
4/21/2025,SKU-350,Electronics,134,Yes,178.85,Tuesday,North,5,Rainy,High
4/22/2025,SKU-346,Food,151,No,51.42,Monday,South,3,Rainy,Low
4/23/2025,SKU-368,Electronics,187,No,245.63,Monday,North,4,Sunny,Medium
4/24/2025,SKU-240,Food,91,No,460.77,Tuesday,North,8,Cloudy,High
4/25/2025,SKU-373,Furniture,98,No,24.83,Tuesday,West,7,Cloudy,Low
4/26/2025,SKU-195,Clothing,120,Yes,149.27,Monday,West,5,Rainy,Low
4/27/2025,SKU-326,Electronics,46,Yes,107.73,Sunday,East,2,Cloudy,High
4/28/2025,SKU-478,Food,38,No,122.88,Friday,East,6,Cloudy,Medium
4/29/2025,SKU-138,Electronics,142,Yes,454.68,Tuesday,East,6,Sunny,High
4/30/2025,SKU-401,Electronics,100,Yes,236.69,Saturday,South,6,Rainy,Low
5/1/2025,SKU-128,Clothing,72,No,235.82,Wednesday,East,9,Rainy,High
5/2/2025,SKU-417,Furniture,190,Yes,381.48,Thursday,North,8,Sunny,Medium
5/3/2025,SKU-344,Electronics,35,Yes,81.47,Monday,East,8,Cloudy,Low
5/4/2025,SKU-335,Food,147,Yes,246.2,Monday,West,1,Rainy,Medium
5/5/2025,SKU-284,Food,30,No,217.84,Thursday,East,5,Cloudy,High
5/6/2025,SKU-371,Furniture,78,Yes,300.47,Friday,South,7,Rainy,High
5/7/2025,SKU-335,Food,84,No,499.78,Thursday,South,6,Rainy,Medium
5/8/2025,SKU-338,Furniture,113,Yes,385.88,Tuesday,North,5,Rainy,High
5/9/2025,SKU-476,Food,25,Yes,201.94,Thursday,South,8,Rainy,Medium
5/10/2025,SKU-365,Clothing,168,Yes,414.64,Monday,East,3,Cloudy,High
5/11/2025,SKU-458,Electronics,88,No,89.5,Thursday,West,6,Cloudy,Medium
5/12/2025,SKU-439,Clothing,14,No,20.08,Wednesday,South,5,Cloudy,Medium
5/13/2025,SKU-488,Electronics,154,Yes,106.2,Saturday,North,8,Cloudy,Low
5/14/2025,SKU-164,Electronics,102,No,173.5,Tuesday,East,4,Sunny,Low
5/15/2025,SKU-276,Electronics,150,Yes,257.74,Thursday,North,8,Rainy,Medium
5/16/2025,SKU-102,Clothing,176,No,309.49,Monday,South,2,Rainy,High
5/17/2025,SKU-241,Electronics,83,No,455.75,Sunday,South,9,Rainy,High
5/18/2025,SKU-475,Clothing,110,Yes,257.38,Saturday,North,9,Sunny,High
5/19/2025,SKU-257,Furniture,179,Yes,253.13,Tuesday,East,6,Cloudy,Medium
5/20/2025,SKU-423,Food,131,Yes,29.87,Monday,South,4,Rainy,Medium
5/21/2025,SKU-245,Food,170,Yes,22.28,Friday,West,4,Cloudy,Medium
5/22/2025,SKU-392,Electronics,19,No,277.82,Wednesday,South,6,Cloudy,Medium
5/23/2025,SKU-252,Clothing,28,No,221.9,Friday,East,5,Sunny,Low
5/24/2025,SKU-292,Food,173,No,420.39,Wednesday,South,6,Sunny,Medium
5/25/2025,SKU-172,Clothing,71,Yes,84.54,Thursday,North,7,Cloudy,High
5/26/2025,SKU-498,Clothing,63,Yes,17.36,Tuesday,South,7,Rainy,Low
5/27/2025,SKU-404,Electronics,73,No,227.27,Thursday,South,9,Rainy,High
5/28/2025,SKU-476,Food,124,Yes,122.55,Wednesday,East,8,Sunny,Medium
5/29/2025,SKU-443,Electronics,119,No,29.56,Wednesday,North,6,Sunny,Low
5/30/2025,SKU-239,Electronics,121,No,363.68,Wednesday,East,6,Sunny,Medium
5/31/2025,SKU-286,Food,19,No,60.24,Saturday,South,5,Sunny,Low
6/1/2025,SKU-392,Food,175,No,306.12,Monday,West,1,Sunny,High
6/2/2025,SKU-160,Furniture,142,No,144.12,Tuesday,South,9,Sunny,Medium
6/3/2025,SKU-479,Furniture,120,Yes,90.88,Thursday,East,9,Sunny,Medium
6/4/2025,SKU-297,Clothing,166,Yes,192.98,Thursday,West,9,Rainy,Low
6/5/2025,SKU-394,Food,181,Yes,401.72,Friday,East,8,Sunny,Low
6/6/2025,SKU-418,Furniture,61,No,199.09,Wednesday,East,3,Sunny,Medium
6/7/2025,SKU-401,Clothing,164,No,376.63,Sunday,North,1,Rainy,Low
6/8/2025,SKU-443,Clothing,168,No,67.12,Wednesday,West,8,Rainy,Medium
6/9/2025,SKU-110,Clothing,30,No,387.52,Wednesday,South,7,Cloudy,Low
6/10/2025,SKU-161,Furniture,9,Yes,122.28,Sunday,East,5,Sunny,High
6/11/2025,SKU-432,Food,64,Yes,340.31,Thursday,South,7,Sunny,Low
6/12/2025,SKU-325,Electronics,161,No,285.06,Friday,North,4,Sunny,High
6/13/2025,SKU-252,Clothing,120,No,464.93,Monday,North,9,Sunny,Low
6/14/2025,SKU-298,Furniture,52,No,196.72,Sunday,West,2,Cloudy,Low
6/15/2025,SKU-151,Furniture,89,Yes,37.75,Saturday,North,9,Rainy,Medium
6/16/2025,SKU-359,Electronics,142,Yes,14.48,Tuesday,North,9,Rainy,Low
6/17/2025,SKU-158,Electronics,53,Yes,414.29,Sunday,South,5,Sunny,Low
6/18/2025,SKU-171,Furniture,187,No,264.74,Monday,North,1,Sunny,High
6/19/2025,SKU-247,Food,78,No,388.75,Thursday,North,7,Sunny,Low
6/20/2025,SKU-448,Electronics,41,Yes,121.04,Saturday,East,4,Cloudy,Medium
6/21/2025,SKU-162,Furniture,196,No,175.82,Saturday,North,9,Cloudy,High
6/22/2025,SKU-409,Electronics,68,Yes,19.9,Saturday,East,6,Rainy,Medium
6/23/2025,SKU-472,Food,8,No,480.94,Wednesday,North,3,Sunny,Medium
6/24/2025,SKU-342,Clothing,2,Yes,335.59,Tuesday,North,6,Sunny,Medium
6/25/2025,SKU-465,Electronics,105,No,466.94,Thursday,West,6,Sunny,Medium
6/26/2025,SKU-429,Food,125,Yes,136.42,Thursday,West,5,Sunny,High
6/27/2025,SKU-206,Furniture,110,Yes,307.67,Saturday,East,2,Cloudy,Low
6/28/2025,SKU-325,Electronics,86,Yes,340.86,Thursday,North,2,Rainy,Medium
6/29/2025,SKU-412,Electronics,169,Yes,162.19,Tuesday,South,7,Rainy,High
6/30/2025,SKU-317,Furniture,120,Yes,424.81,Tuesday,West,2,Cloudy,Medium
7/1/2025,SKU-340,Clothing,127,Yes,473.84,Friday,South,6,Sunny,Low
7/2/2025,SKU-358,Furniture,183,No,443,Sunday,West,5,Rainy,High
7/3/2025,SKU-475,Electronics,16,No,370.84,Sunday,West,4,Rainy,High
7/4/2025,SKU-361,Furniture,62,No,142.35,Friday,North,7,Cloudy,Low
7/5/2025,SKU-104,Food,113,Yes,144.4,Monday,West,8,Sunny,High
7/6/2025,SKU-360,Furniture,176,Yes,481.86,Sunday,South,4,Rainy,Low
7/7/2025,SKU-153,Electronics,158,No,10.09,Tuesday,West,1,Sunny,High
7/8/2025,SKU-146,Furniture,12,Yes,359.44,Tuesday,East,1,Rainy,High
7/9/2025,SKU-314,Clothing,35,Yes,354.59,Sunday,North,1,Cloudy,Low
7/10/2025,SKU-276,Furniture,11,Yes,313.23,Tuesday,North,1,Sunny,Low
7/11/2025,SKU-108,Clothing,64,Yes,495.1,Friday,East,5,Cloudy,High
7/12/2025,SKU-198,Food,50,Yes,159.38,Saturday,East,4,Rainy,High
7/13/2025,SKU-119,Clothing,149,No,173.29,Saturday,East,9,Cloudy,Low
7/14/2025,SKU-477,Furniture,69,No,44.08,Thursday,West,3,Cloudy,Low
7/15/2025,SKU-340,Electronics,48,No,224.19,Saturday,North,7,Cloudy,High
7/16/2025,SKU-160,Clothing,20,No,134.22,Wednesday,East,8,Rainy,High
7/17/2025,SKU-478,Food,101,No,174.98,Friday,West,6,Sunny,High
7/18/2025,SKU-277,Clothing,195,Yes,418.11,Tuesday,East,1,Cloudy,Low
7/19/2025,SKU-437,Clothing,172,Yes,468.06,Sunday,South,8,Sunny,High
7/20/2025,SKU-161,Clothing,161,Yes,96.94,Saturday,South,3,Rainy,Medium
7/21/2025,SKU-244,Food,189,Yes,189.39,Friday,North,8,Sunny,Low
7/22/2025,SKU-315,Furniture,137,No,464.67,Saturday,West,4,Cloudy,High
7/23/2025,SKU-102,Clothing,68,No,35.6,Monday,South,8,Cloudy,Low
7/24/2025,SKU-259,Clothing,35,No,50.72,Tuesday,South,1,Cloudy,Medium
7/25/2025,SKU-326,Electronics,65,Yes,85.58,Monday,West,3,Cloudy,Low
7/26/2025,SKU-368,Food,8,No,299.63,Tuesday,East,6,Cloudy,High
7/27/2025,SKU-219,Clothing,45,Yes,79.48,Friday,West,9,Cloudy,Medium
7/28/2025,SKU-480,Food,87,No,484.2,Thursday,East,2,Rainy,Medium
7/29/2025,SKU-188,Clothing,175,No,226.12,Saturday,South,1,Rainy,High
7/30/2025,SKU-428,Furniture,168,Yes,253.25,Saturday,South,3,Rainy,High
7/31/2025,SKU-167,Furniture,76,Yes,127.1,Wednesday,South,4,Sunny,High
8/1/2025,SKU-497,Clothing,182,No,238.13,Sunday,North,5,Sunny,Low
8/2/2025,SKU-456,Furniture,76,No,332.65,Monday,North,3,Rainy,Low
8/3/2025,SKU-197,Clothing,174,Yes,376.83,Saturday,North,2,Sunny,Low
8/4/2025,SKU-366,Furniture,47,No,378.16,Friday,West,2,Sunny,High
8/5/2025,SKU-204,Electronics,15,No,291.06,Thursday,South,7,Cloudy,High
8/6/2025,SKU-422,Electronics,105,Yes,452.66,Sunday,South,9,Cloudy,Low
8/7/2025,SKU-222,Electronics,147,No,409.62,Friday,West,2,Sunny,Medium
8/8/2025,SKU-128,Food,26,Yes,379.74,Monday,North,7,Sunny,Low
8/9/2025,SKU-236,Food,52,No,32.52,Wednesday,West,7,Rainy,Medium
8/10/2025,SKU-294,Electronics,93,Yes,8.4,Saturday,North,7,Sunny,High
8/11/2025,SKU-325,Food,150,No,110.16,Friday,South,3,Cloudy,High
8/12/2025,SKU-431,Furniture,21,Yes,333.44,Sunday,East,7,Sunny,Low
8/13/2025,SKU-269,Clothing,51,No,208.54,Tuesday,North,1,Rainy,Low
8/14/2025,SKU-108,Clothing,38,Yes,204.19,Thursday,South,1,Cloudy,High
8/15/2025,SKU-139,Clothing,20,No,442.87,Sunday,South,5,Cloudy,Low
8/16/2025,SKU-124,Electronics,157,No,448.3,Friday,East,2,Cloudy,High
8/17/2025,SKU-360,Food,179,No,455.04,Thursday,South,9,Cloudy,High
8/18/2025,SKU-494,Furniture,132,No,160.37,Saturday,South,7,Sunny,Medium
8/19/2025,SKU-325,Furniture,55,No,347.07,Tuesday,North,4,Rainy,Low
8/20/2025,SKU-223,Electronics,199,No,139.46,Wednesday,North,4,Sunny,High
8/21/2025,SKU-137,Furniture,92,No,99.35,Sunday,East,2,Sunny,Low
8/22/2025,SKU-427,Furniture,28,No,96.39,Wednesday,East,5,Cloudy,Medium
8/23/2025,SKU-350,Furniture,4,No,174.34,Tuesday,South,4,Rainy,Medium
8/24/2025,SKU-488,Furniture,150,Yes,217.83,Thursday,North,1,Cloudy,Low
8/25/2025,SKU-275,Food,76,Yes,416.32,Saturday,East,8,Sunny,Low
8/26/2025,SKU-189,Furniture,173,No,64.35,Friday,East,3,Sunny,High
8/27/2025,SKU-136,Clothing,67,Yes,368.79,Tuesday,West,6,Cloudy,Medium
8/28/2025,SKU-415,Electronics,86,No,268.07,Monday,East,4,Sunny,Medium
8/29/2025,SKU-275,Food,194,No,147.53,Thursday,South,9,Sunny,Medium
8/30/2025,SKU-383,Furniture,162,Yes,248.95,Wednesday,North,7,Cloudy,Low
8/31/2025,SKU-180,Food,91,No,153.47,Sunday,East,9,Sunny,High
9/1/2025,SKU-213,Furniture,183,No,300.06,Tuesday,West,3,Rainy,Low
9/2/2025,SKU-139,Clothing,105,Yes,219.75,Wednesday,North,1,Cloudy,Low
9/3/2025,SKU-400,Electronics,1,Yes,86.38,Thursday,East,5,Rainy,Low
9/4/2025,SKU-323,Furniture,72,No,62.71,Wednesday,West,3,Sunny,High
9/5/2025,SKU-417,Furniture,87,Yes,275.61,Tuesday,East,6,Sunny,Low
9/6/2025,SKU-448,Furniture,166,Yes,451.69,Thursday,North,8,Cloudy,Medium
9/7/2025,SKU-214,Furniture,6,No,175.26,Monday,North,4,Sunny,Medium
9/8/2025,SKU-285,Electronics,153,Yes,367.84,Tuesday,North,5,Cloudy,Medium
9/9/2025,SKU-422,Electronics,145,Yes,331.04,Friday,South,5,Cloudy,High
9/10/2025,SKU-155,Clothing,61,No,466.12,Saturday,East,4,Cloudy,Low
9/11/2025,SKU-139,Electronics,12,Yes,411.39,Tuesday,South,4,Cloudy,High
9/12/2025,SKU-453,Furniture,6,Yes,285.47,Thursday,North,4,Cloudy,Low
9/13/2025,SKU-139,Clothing,27,No,330.23,Sunday,West,4,Rainy,Medium
9/14/2025,SKU-446,Clothing,136,No,449.7,Saturday,East,4,Cloudy,Low
9/15/2025,SKU-336,Clothing,124,No,202.76,Tuesday,South,5,Rainy,Low
9/16/2025,SKU-388,Furniture,106,Yes,166.76,Monday,East,2,Sunny,Low
9/17/2025,SKU-361,Food,193,No,10.35,Sunday,West,2,Cloudy,High
9/18/2025,SKU-315,Furniture,185,No,414.14,Monday,South,9,Sunny,Low
9/19/2025,SKU-246,Electronics,93,Yes,401.49,Friday,North,2,Cloudy,Low
9/20/2025,SKU-435,Electronics,109,No,56.7,Sunday,South,6,Rainy,Low
9/21/2025,SKU-267,Furniture,99,No,290.54,Wednesday,East,2,Rainy,High
9/22/2025,SKU-191,Furniture,168,No,234.67,Sunday,East,5,Rainy,High
9/23/2025,SKU-452,Clothing,142,No,63.76,Saturday,East,4,Sunny,High
9/24/2025,SKU-158,Furniture,35,Yes,490.38,Sunday,East,7,Cloudy,Low
9/25/2025,SKU-158,Clothing,176,No,111.27,Thursday,North,7,Sunny,Medium
9/26/2025,SKU-403,Electronics,84,No,38.28,Thursday,South,6,Rainy,Medium
